,_RAJ2000,_DEJ2000,WDS,Name,HD,HIP,Date,PA,Sep,Dmag,Wave,FWHM,f_FWHM,SimbadName,_RA,_DE,Simbad plx,GAIA plx,V,R,J,H,K
0,00 02 33.4267,+18 41 00.258,00026+1841,BD+17 5027 ,225000,   201,2007.8228,148.5,0.10800000000000001, 2.21,698,39, ,HIP    201,0.6392800000000001,18.6834,9.6913,9.691309139588403,8.239999771118164,,7.282000064849853,7.048999786376952,6.982999801635742
1,00 06 08.0345,+09 42 53.771,00061+0943,BD+08 5172 ,   126,   510,2007.0092,149.4,0.109, 1.06,698,39, ,HIP    510,1.53348,9.714939999999999,11.52,,7.800000190734862,,6.85099983215332,6.646999835968018,6.632999897003174
6,00 06 13.1539,-01 53 13.790,00062-0153,BD-02 6098 ,   137,   515,2007.8173,336.2,0.327, 2.45,754,44, ,HIP    515,1.55481,-1.88716,,,,,,,
8,00 08 28.4672,+34 56 04.365,00085+3456,BD+34 3    ,   375,   689,2007.8172,139.8,0.062, 0.00,754,44,a,HIP    689,2.11861,34.93455,,,,,,,
10,00 12 08.0881,+53 37 26.005,00121+5337,ADS 148    ,   761,   981,2007.0064,309.0,0.32899999999999996, 1.58,550,40, ,HIP    981,3.0337,53.62389,,,,,,,
11,00 14 20.2021,-27 31 53.156,00143-2732,CD-28 47   ,  1002,  1144,2007.8255,287.1,0.175, 1.06,550,40, ,HIP   1144,3.5841800000000004,-27.53143,,,,,,,
12,00 16 23.4565,-22 35 16.863,00164-2235,HD1205     ,  1205,  1306,2007.8255,231.8,0.198, 1.81,550,40, ,HIP   1306,4.09774,-22.58802,7.0184,7.018382897420376,8.680000305175781,,7.61899995803833,7.425000190734862,7.282000064849853
13,00 16 34.0408,+08 14 24.563,00166+0814,HR 59      ,  1227,  1319,2007.8173,223.2,0.479, 3.89,754,44, ,HIP   1319,4.14184,8.240160000000001,,,,,,,
15,00 17 56.9435,+34 34 31.872,00179+3435,BD+33 24   ,  1362,  1441,2007.8257,285.0,0.528, 2.95,550,40, ,HIP   1441,4.48726,34.575520000000004,10.112,10.112037675396747,7.389999866485597,,6.383999824523926,6.11899995803833,6.072000026702881
16,00 25 08.7379,+48 02 50.956,00251+4803,BD+47 88   ,  2057,  1987,2007.0065,312.4,0.282, 3.29,550,40, ,HIP   1987,6.28641,48.04749,,,,,,,
18,00 25 49.8233,+10 25 24.534,00258+1025,BD+09 41   ,  2157,  2035,2007.8173,100.9,0.114, 1.17,754,44, ,HIP   2035,6.4576,10.42348,8.34,0.08679550003862603,6.809999942779541,,6.296999931335449,6.249000072479247,6.182000160217285
20,00 25 57.6353,+19 04 32.759,00260+1905,BD+18 42   ,  2174,  2048,2007.0066,261.2,0.8290000000000001,     ,550,40, ,HIP   2048,6.49015,19.075770000000002,19.8287,19.828700792535148,6.460000038146973,,6.251999855041504,5.9749999046325675,5.864999771118164
21,00 26 08.6776,-11 22 37.078,00261-1123,BD-12 63   ,  2237,  2066,2007.8173,193.6,0.40299999999999997, 2.90,754,44, ,HIP   2066,6.53616,-11.37697,15.572000000000001,15.571998162815285,7.9000000953674325,,6.732999801635742,6.435999870300293,6.35699987411499
23,00 26 37.4130,-00 02 58.300,00266-0003,HR 101     ,  2273,  2100,2007.8173,275.5,0.431, 2.60,754,44, ,HIP   2100,6.655889999999999,-0.049530000000000005,8.1442,8.144172706584751,6.120999813079834,,4.6579999923706055,4.1579999923706055,4.1040000915527335
25,00 32 07.0711,-12 17 42.290,00321-1218,BD-13 89   ,  2893,  2532,2007.8256,324.7,0.314, 0.52,550,40, ,HIP   2532,8.02946,-12.29508,,,,,,,
26,00 32 23.7813,+06 57 19.657,00324+0657,ADS 449    ,  2913,  2548,2007.0093,276.5,0.247, 1.97,698,39, ,HIP   2548,8.099089999999999,6.95546,6.4777,6.477707667679385,8.470000267028809,,7.820000171661378,7.703000068664551,7.6560001373291025
30,00 38 50.9879,+03 42 18.140,00389+0342,           ,      ,  3061,2007.8173,320.1,0.772, 0.49,754,44, ,HIP   3061,9.71245,3.7050400000000003,,,,,,,
31,00 39 39.6663,-21 34 45.087,00397-2135,BD-22 112  ,  3693,  3118,2007.8255,32.5,0.275, 0.58,550,40, ,HIP   3118,9.915280000000001,-21.57919,18.7043,,,7.1,6.377000000000001,6.093,6.022
32,00 42 48.0343,+12 48 41.162,00428+1249,BD+12 81   ,      ,  3361,2007.0092,61.2,0.258, 1.39,698,39, ,HIP   3361,10.70014,12.81143,,,,,,,
33,00 44 37.1500,-18 56 48.203,00446-1856,BD-19 111  ,      ,  3493,2007.8255,235.9,0.201, 1.13,550,40, ,HIP   3493,11.15479,-18.946720000000003,6.9457,6.945662054031482,9.199999809265137,,8.074000358581543,7.761000156402588,7.697000026702881
34,00 46 16.1282,-06 33 58.393,00463-0634,BD-07 117  ,  4393,  3612,2007.8174,255.2,0.069, 1.28,754,44, ,HIP   3612,11.5672,-6.5662199999999995,,,,,,,
35,00 46 56.6693,+43 38 47.277,00469+4339,BD+42 170  ,      ,  3669,2007.0065,113.0,0.141, 1.25,550,40, ,HIP   3669,11.73612,43.64647,11.2577,11.257737125409967,8.800000190734863,,7.657999992370605,7.4120001792907715,7.326000213623048
38,00 49 32.6851,+44 03 33.234,00495+4404,BD+43 159  ,  4712,  3857,2007.0094,7.7,0.11699999999999999, 2.23,698,39, ,HIP   3857,12.38619,44.05923,17.557000000000002,17.556951554390675,8.239999771118164,,7.117000102996826,6.8379998207092285,6.7220001220703125
40,00 50 47.5193,-01 55 19.280,00508-0155,BD-02 112  ,  4873,  3957,2007.8173,352.2,0.802, 2.62,754,44, ,HIP   3957,12.698,-1.92202,,,,,,,
42,00 51 35.2481,+44 12 29.430,00516+4412,BD+43 165  ,  4901,      ,2007.0094,122.0,0.12, 1.43,698,39, ,HD    4901,12.89687,44.20817,7.23,2.378339136466193,6.191999912261963,,4.901000022888184,4.177999973297118,4.129000186920166
44,00 51 50.0471,+78 37 32.741,00518+7837,BD+77 29   ,  4741,  4041,2007.012,234.2,0.29, 2.40,754,44, ,HIP   4041,12.95853,78.62576,,,,,,,
45,00 59 35.1150,-01 11 29.778,00596-0111,ADS 822    ,  5805,  4641,2007.0093,10.1,0.39399999999999996, 0.84,698,39, ,HIP   4641,14.89631,-1.1916,14.47,,8.289999961853027,,7.2189998626708975,6.88100004196167,6.868000030517577
48,01 01 43.5822,+25 17 31.998,01017+2518,BD+24 163  ,  6009,  4809,2007.8228,192.0,0.11599999999999999, 0.26,698,39, ,HIP   4809,15.43159,25.29222,11.2217,11.221698360196248,5.678999999999999,,5.6770000000000005,5.681,5.6370000000000005
49,01 02 24.5727,+05 03 41.214,01024+0504,BD+04 158  ,  6101,  4849,2007.0093,107.6,0.465, 1.73,698,39, ,HIP   4849,15.60239,5.06145,,,,,,,
52,01 03 46.2867,+52 11 55.041,01038+5212,BD+51 219  ,232361,  4976,2007.8229,81.1,0.43200000000000005, 0.52,698,39, ,HIP   4976,15.942860000000001,52.19862,,,,,,,
53,01 05 40.9553,+21 28 23.449,01057+2128,ADS 899    ,  6456,  5131,2007.8228,311.4,0.051, 0.72,698,39,a,HIP   5131,16.42065,21.47318,,,,,,,
54,01 07 04.4950,-00 35 31.620,01071-0036,BD-01 147  ,  6639,  5245,2007.0119,201.5,0.222, 2.49,550,40, ,HIP   5245,16.768729999999998,-0.59212,,,,,,,
57,01 07 09.1819,+38 39 01.627,01072+3839,ADS 918    ,  6586,  5249,2007.0065,331.9,0.128, 0.00,550,40, ,HIP   5249,16.78826,38.65045,8.9,-7.287989050628668,9.289999961853027,,8.152999877929688,7.853000164031982,7.771999835968018
58,01 10 50.7438,+67 46 48.346,01108+6747,BD+67 98   ,  6840,  5531,2007.0093,177.7,0.121, 0.55,698,39, ,HIP   5531,17.71143,67.7801,13.22,,,9.800000190734863,8.559000015258789,8.10200023651123,7.956999778747559
61,01 11 43.5087,+08 34 48.344,01117+0835,BD+07 181  ,  7128,  5593,2007.8174,133.8,0.33799999999999997, 1.67,754,44, ,HIP   5593,17.93129,8.5801,27.4741,,10.722000000000001,10.309000000000001,7.984,7.3229999999999995,7.124
62,01 12 53.8949,+51 36 08.449,01129+5136,BD+50 238  ,  7169,  5674,2007.823,66.9,0.154, 1.89,698,39, ,HIP   5674,18.22456,51.60235,7.0404,7.040393107630672,8.539999961853027,,7.7059998512268075,7.540999889373778,7.460000038146973
63,01 16 36.4540,+18 31 21.600,01166+1831,BD+17 176  ,  7640,  5952,2007.0038,243.1,0.642, 3.06,754,44, ,HIP   5952,19.151889999999998,18.52267,14.4847,,,9.199999809265137,8.017999649047853,7.528999805450439,7.435999870300293
65,01 23 21.4197,+58 08 34.779,01234+5809,ADS 1105   ,  8272,  6486,2007.0094,164.1,0.281, 0.53,698,39, ,HIP   6486,20.83925,58.142990000000005,,,,,,,
67,01 25 57.3441,+13 14 53.573,01260+1315,BD+12 176  ,      ,  6694,2007.8229,312.9,0.462, 0.63,698,39, ,HIP   6694,21.48893,13.24821,,,,,,,
69,01 28 06.6677,+47 45 09.174,01281+4745,BD+46 363  ,  8846,  6850,2007.823,322.9,0.409, 2.21,698,39, ,HIP   6850,22.02778,47.75255,14.77,15.11629640778564,7.789999961853027,,6.658999919891357,6.368000030517577,6.298999786376952
70,01 28 27.4956,+07 57 29.493,01284+0758,BD+07 214  ,  8956,  6873,2007.8229,48.1,0.461, 3.04,698,39, ,HIP   6873,22.11456,7.958189999999999,,,,,,,
71,01 29 41.1743,+22 49 34.292,01297+2250,ADS 1183   ,  9071,  6966,2007.0038,193.3,0.16399999999999998, 0.68,754,44, ,HIP   6966,22.42156,22.82619,7.2606,7.260560152798197,8.729999542236326,,7.7059998512268075,7.480000019073486,7.392000198364258
73,01 31 10.7001,-07 01 58.160,01312-0702,BD-07 246  ,  9278,  7075,2007.8256,179.4,0.2, 1.93,550,40, ,HIP   7075,22.79458,-7.03282,,,,,,,
74,01 32 01.6615,+57 11 40.679,01320+5712,BD+56 289  ,      ,  7141,2007.823,283.2,0.193, 4.92,698,39, ,HIP   7141,23.00692,57.194630000000004,4.3416,4.341613250598473,8.310000419616701,,7.556000232696532,7.418000221252441,7.347000122070312
75,01 32 31.1199,-10 17 51.065,01325-1018,BD-11 291  ,  9419,  7178,2007.8256,239.5,0.43700000000000006, 3.18,550,40, ,HIP   7178,23.12967,-10.29752,,,,,,,
76,01 37 37.7053,-09 24 13.625,01376-0924,HR 466     , 10009,  7580,2007.8256,310.7,0.12300000000000001, 1.20,550,40,b,HIP   7580,24.40711,-9.403780000000001,23.4435,,,8.0,6.9670000076293945,6.583000183105469,6.480999946594237
77,01 37 44.4935,+48 24 45.897,01377+4825,BD+47 466  ,  9901,  7589,2007.0094,218.7,0.594, 3.16,698,39, ,HIP   7589,24.435389999999998,48.41275,11.82,,8.71,,,,
80,01 42 57.7475,+58 06 56.768,01430+5807,BD+57 373  , 10387,  8019,2007.8258,207.5,0.32899999999999996, 0.48,550,40, ,HIP   8019,25.74061,58.11577,,,,,,,
82,01 51 13.3320,+24 39 07.774,01512+2439,ADS 1473   , 11284,  8622,2007.0066,171.1,0.34299999999999997, 0.84,550,40, ,HIP   8622,27.80555,24.652160000000002,,,,,,,
83,02 00 48.4802,+59 57 33.612,02008+5958,BD+59 376  , 12112,  9403,2007.0121,250.3,0.239, 2.28,754,44, ,HIP   9403,30.202,59.959340000000005,14.5154,14.515370562976074,6.710000038146973,,5.269999980926514,4.935999870300293,4.809000015258789
85,02 01 01.1351,+73 25 34.926,02010+7326,BD+72 114  , 11958,  9419,2007.823,217.8,0.33299999999999996, 3.85,698,39, ,HIP   9419,30.25473,73.42636999999999,47.3,,8.131,7.516,6.199,5.676,5.51
87,02 01 57.4503,+70 54 25.290,02020+7054,ADS 1598   , 12111,  9480,2007.823,290.4,0.7020000000000001,     ,698,39, ,HIP   9480,30.48938,70.90701999999999,,,,,,,
90,02 07 01.8835,-04 13 03.208,02070-0413,BD-04 338  , 12984,  9874,2008.0689,268.3,0.893,     ,698,39, ,HIP   9874,31.75785,-4.21756,,,,,,,
92,02 14 29.0945,+66 31 27.937,02145+6631,HR 640     , 13474, 10438,2008.0688,118.6,0.10800000000000001, 1.57,698,39,c,HIP  10438,33.62123,66.52443000000001,9.58,,,9.35,8.202,7.8629999999999995,7.801
93,02 17 11.9561,+58 38 10.143,02172+5838,BD+57 531  , 13865, 10660,2007.0121,242.8,0.397, 2.77,754,44, ,HIP  10660,34.299820000000004,58.63615,11.86,12.85996422529404,5.273,,5.242999999999999,5.301,5.265
96,02 20 04.8985,-03 32 05.679,02201-0332,BD-04 379  , 14473, 10885,2008.0689,115.4,0.135, 0.56,698,39, ,HIP  10885,35.02041,-3.53491,26.0949,26.094893266276426,9.020000457763672,,7.377999782562256,6.933000087738037,6.852000236511231
97,02 24 51.1504,+30 38 48.269,02249+3039,BD+29 406  , 14874, 11253,2007.8256,273.2,0.379, 2.71,550,40, ,HIP  11253,36.21313,30.64674,,,,,,,
98,02 26 09.5908,+34 28 10.031,02262+3428,BD+33 429  , 15013, 11352,2007.8256,296.7,0.059000000000000004, 0.55,550,40, ,HIP  11352,36.53996,34.46945,,,,,,,
99,02 32 10.8968,+09 00 51.251,02322+0901,BD+08 390  ,      , 11793,2007.0094,331.6,0.66, 1.49,698,39, ,HIP  11793,38.0454,9.01424,9.11,6.524488829241843,7.570000171661378,,6.577000141143799,6.361000061035156,6.311999797821045
100,02 37 49.2775,+23 07 42.450,02378+2308,BD+22 375  , 16312, 12257,2007.8257,119.1,0.155, 0.35,550,40, ,HIP  12257,39.45532,23.12846,16.6508,,,6.199999809265138,5.433000087738037,5.198999881744385,5.11299991607666
101,02 39 33.8285,-11 52 19.713,02396-1152,HR 781     , 16620, 12390,2007.8175,265.6,0.11800000000000001, 0.83,550,40, ,HIP  12390,39.89095,-11.87214,,,,,,,
102,02 39 51.7583,+00 08 46.644,02399+0009,ADS 2028   , 16619, 12421,2008.0689,183.0,0.071, 1.46,698,39,c,HIP  12421,39.96566,0.14629,,,,,,,
104,02 41 30.1716,-15 06 02.533,02415-1506,BD-15 477  , 16826, 12554,2007.8175,204.1,0.251, 0.81,550,40, ,HIP  12554,40.37571,-15.1007,16.0597,16.059706570408288,9.25,,7.88100004196167,7.5349998474121085,7.428999900817871
107,02 58 23.7701,+19 13 45.420,02584+1914,BD+18 382  ,      , 13855,2007.8176,243.6,0.619, 4.01,550,40, ,HIP  13855,44.59904,19.22928,10.9329,10.932934741038185,7.276999950408935,,6.561999797821045,6.440999984741211,6.374000072479247
108,03 01 22.6873,+06 14 56.866,03014+0615,BD+05 438  , 18774, 14075,2007.8258,188.8,0.134, 0.25,550,40, ,HIP  14075,45.34453,6.24913,16.2073,,,8.100000381469728,7.234000205993652,6.918000221252441,6.821000099182129
109,03 03 28.6523,+23 03 41.314,03035+2304,BD+22 425  , 18940, 14230,2007.8176,5.9,0.168, 1.57,550,40, ,HIP  14230,45.86938,23.06148,,,,,,,
111,03 11 56.8308,+61 31 13.011,03119+6131,BD+60 637  ,      , 14864,2007.8233,167.6,0.585, 2.03,698,39, ,HIP  14864,47.98679,61.52028000000001,17.0,,,6.0999999046325675,5.519999980926514,5.339000225067139,5.303999900817871
112,03 15 07.6565,+16 18 12.223,03151+1618,ADS 2429   ,      , 15134,2007.0121,121.7,0.41, 0.81,754,44, ,HIP  15134,48.7819,16.3034,,,,,,,
118,03 20 51.4628,+20 30 33.949,03209+2031,BD+19 511  , 20716, 15597,2007.8176,341.7,0.588, 4.16,550,40, ,HIP  15597,50.21443,20.50943,17.12,,10.800000190734863,,8.378000259399414,7.817999839782715,7.603000164031982
119,03 21 18.0737,+10 37 47.263,03213+1038,BD+10 432  , 20779, 15633,2007.0039,66.0,0.192, 0.33,754,44, ,HIP  15633,50.325309999999995,10.6298,,,,,,,
120,03 22 45.2401,+20 44 31.438,03228+2045,HR 1015    , 20893, 15737,2007.0095,292.7,0.392, 4.06,698,39, ,HIP  15737,50.6885,20.742070000000002,6.28,,7.550000190734862,,7.250999927520753,7.228000164031982,7.184999942779541
123,03 24 32.6195,-03 32 06.099,03245-0332,BD-04 585  , 21125, 15880,2007.0122,49.7,0.9570000000000001,     ,754,44, ,HIP  15880,51.135909999999996,-3.5350300000000003,8.3109,8.310854295882974,8.039999961853027,,7.039000034332275,6.73799991607666,6.676000118255615
125,03 26 35.3892,+28 42 54.317,03266+2843,BD+28 532  , 21242, 16042,2007.0121,55.5,0.337, 3.16,754,44, ,HIP  16042,51.64745,28.715090000000004,6.09,,6.769999980926514,,6.557000160217285,6.585999965667725,6.5349998474121085
126,03 27 10.1507,+09 43 57.634,03272+0944,HR 1038    , 21364, 16083,2007.0039,256.7,0.204, 3.14,754,44,c,HIP  16083,51.79229,9.73268,,,,,,,
128,03 30 40.0549,-19 26 08.101,03307-1926,BD-19 694  , 21841, 16348,2007.8232,221.2,0.063, 0.65,698,39, ,HIP  16348,52.6669,-19.435579999999998,9.03,9.029971726600216,7.820000171661378,,6.171000003814697,5.699999809265138,5.609000205993652
129,03 36 17.4121,-17 28 01.442,03363-1728,HR 1100    , 22470, 16803,2007.0122,79.6,0.193, 1.20,754,44, ,HIP  16803,54.07255,-17.46707,3.3633,3.363258757482667,10.220000267028807,,9.081000328063963,8.821000099182129,8.763999938964844
130,03 37 52.4657,+05 38 28.741,03379+0538,BD+05 521  , 22556, 16930,2007.004,134.4,0.11599999999999999, 1.28,754,44, ,HIP  16930,54.46861,5.6413199999999994,6.1069,6.10686593860839,8.140000343322754,,7.429999828338622,7.303999900817871,7.242000102996826
132,03 38 31.9563,+13 36 21.437,03385+1336,BD+13 576  ,      , 16991,2007.0068,79.3,0.341, 3.40,550,40, ,HIP  16991,54.63315,13.60595,24.0481,,6.239999771118164,,5.210999965667725,5.02400016784668,4.89300012588501
133,03 40 21.7591,+11 43 54.015,03404+1144,BD+11 504  ,      , 17149,2007.8259,280.2,0.938,     ,550,40, ,HIP  17149,55.09066,11.73167,14.0163,,,6.5,5.855000019073486,5.703000068664551,5.607999801635742
134,03 43 55.0970,+60 24 37.352,03439+6025,BD+59 704  ,      , 17418,2007.8203,21.0,0.861,     ,698,39, ,HIP  17418,55.979569999999995,60.41038,,,,,,,
135,03 45 57.3891,+73 02 05.844,03460+7302,BD+72 187  , 22811, 17580,2007.8177,5.0,0.924,     ,550,40, ,HIP  17580,56.48911999999999,73.03496,,,,,,,
137,03 49 38.6477,-02 19 42.843,03496-0220,BD-02 726  , 24031, 17895,2007.004,337.5,0.302, 0.73,754,44, ,HIP  17895,57.411030000000004,-2.32857,9.34,,7.027999877929688,,6.14300012588501,6.01200008392334,5.953999996185303
139,03 49 36.5974,+63 17 49.072,03496+6318,HR 1158    , 23523, 17891,2007.0122,190.1,0.084, 0.40,754,44, ,HIP  17891,57.40249,63.29696,,,,,,,
140,03 54 42.6723,-07 54 37.908,03547-0755,BD-08 751  , 24634, 18293,2007.0123,166.3,0.823,     ,550,40, ,HIP  18293,58.6778,-7.9105300000000005,7.63,,7.1599998474121085,,6.386000156402588,6.241000175476074,6.2179999351501465
142,04 07 00.5593,-10 00 01.638,04070-1000,BD-10 839  , 26040, 19206,2007.004,336.6,0.221, 1.33,754,44, ,HIP  19206,61.75233000000001,-10.00045,9.0395,9.039522996798741,6.739999771118164,,6.440999984741211,6.39300012588501,6.357999801635742
145,04 10 14.0566,+17 22 06.342,04102+1722,BD+16 564  ,285465, 19472,2007.0041,337.2,0.396, 1.01,754,44, ,HIP  19472,62.558569999999996,17.36843,,,,,,,
150,04 11 38.0497,+29 49 48.619,04116+2950,BD+29 676  , 26397, 19572,2007.0095,90.1,0.47600000000000003, 3.12,698,39, ,HIP  19572,62.90854,29.830170000000003,6.5901,6.590123558912048,7.869999885559082,,6.179999828338622,5.74399995803833,5.630000114440918
154,04 11 56.2217,+23 38 10.762,04119+2338,BD+23 635  ,284163, 19591,2007.0096,189.4,0.278, 1.54,698,39, ,HIP  19591,62.98426,23.63632,,,,,,,
156,04 13 33.1043,+07 42 57.737,04136+0743,ADS 3064   , 26690, 19719,2007.004,199.6,0.069, 0.80,754,44, ,HIP  19719,63.387930000000004,7.71604,28.36,,4.54,4.36,4.23,4.125,4.12
159,04 19 30.2223,+37 59 54.188,04195+3800,BD+37 909  , 27214, 20176,2007.0041,11.8,0.083, 1.15,754,44,a,HIP  20176,64.87593000000001,37.99839,,,,,,,
166,04 21 16.6453,+38 14 39.417,04213+3815,BD+37 912  , 27427, 20326,2007.8233,176.1,0.207, 3.39,698,39, ,HIP  20326,65.31936,38.244279999999996,,,,,,,
176,04 24 32.7927,+50 50 42.630,04245+5051,BD+50 986  , 27673, 20586,2007.0041,139.2,0.861,     ,754,44, ,HIP  20586,66.13664,50.84517,5.93,5.5455499109043975,7.72,,6.952999999999999,6.7829999999999995,6.686
181,04 25 37.3167,+15 56 27.646,04256+1556,HR 1391    , 27991, 20661,2007.0096,232.1,0.069, 0.54,698,39,a,HIP  20661,66.40549,15.94101,,,,,,,
193,04 26 49.5279,+58 14 26.195,04268+5814,BD+57 798  , 27816, 20754,2007.8233,36.3,0.127, 1.59,698,39, ,HIP  20754,66.70636999999999,58.24061,3.483,3.4829677030008686,6.070000171661378,,4.913000106811523,4.309000015258788,4.238999843597412
194,04 29 40.7027,+12 10 32.775,04297+1211,BD+11 618  , 28449, 20960,2007.826,245.7,0.281, 3.42,550,40, ,HIP  20960,67.41959,12.17577,13.2094,13.209411869213664,8.069999694824219,,7.081999778747559,6.828000068664551,6.814000129699707
195,04 33 58.5380,+15 09 49.027,04340+1510,BD+14 721  ,285931, 21280,2007.0096,110.9,0.168, 1.22,698,39,c,HIP  21280,68.49391,15.163620000000002,,,,,,,
198,04 34 39.6512,-11 38 09.036,04347-1138,BD-11 904  , 29125, 21329,2007.8234,276.0,0.306, 3.90,698,39, ,HIP  21329,68.66521,-11.63584,,,,,,,
199,04 35 39.2591,+10 09 38.840,04357+1010,ADS 3317   , 29140, 21402,2007.0096,307.3,0.172, 1.85,698,39, ,HIP  21402,68.91358000000001,10.160789999999999,7.0453,7.045311475458345,8.08,,7.085,6.864,6.789
201,04 38 10.8249,-14 18 14.460,04382-1418,HR 1481    , 29503, 21594,2007.8234,358.8,1.09,     ,698,39, ,HIP  21594,69.5451,-14.304020000000001,18.9878,,,7.800000190734862,6.901999950408936,6.543000221252441,6.486999988555907
202,04 38 53.5547,-12 07 23.228,04389-1207,BD-12 955  , 29573, 21644,2007.8234,171.5,0.146, 1.71,698,39, ,HIP  21644,69.72314,-12.12312,22.5156,22.51558973205939,8.020000457763674,,6.706999778747559,6.322000026702881,6.230999946594237
210,04 56 11.0419,+13 58 31.504,04562+1359,BD+13 738  , 31399, 22942,2007.0097,164.2,0.461, 3.69,698,39, ,HIP  22942,74.04601,13.975420000000002,12.3116,12.31158184900907,9.899999618530273,,8.138999938964844,7.665999889373778,7.571000099182129
212,04 58 26.1988,-03 43 58.388,04584-0344,BD-03 953  , 31768, 23116,2007.0097,145.9,0.5670000000000001, 2.86,698,39, ,HIP  23116,74.60916,-3.7328900000000003,7.9022,7.902190734684957,8.399999618530272,,7.381999969482423,7.1690001487731925,7.110000133514403
214,05 00 26.1460,+41 57 41.825,05004+4158,BD+41 1027 , 31759, 23274,2007.8234,245.7,0.39899999999999997, 1.93,698,39, ,HIP  23274,75.10894,41.96162,42.4864,,4.869999885559082,,4.0399999618530265,3.740000009536743,3.7699999809265137
216,05 01 44.2761,+26 40 16.204,05017+2640,ADS 3608   , 32092, 23395,2007.0069,331.2,0.28, 1.69,754,44, ,HIP  23395,75.43448000000001,26.67117,14.24,,,7.5999999046325675,6.633999824523926,6.309999942779541,6.2210001945495605
219,05 03 45.6019,+06 38 25.149,05038+0638,BD+06 819  , 32483, 23542,2007.8261,161.5,0.9129999999999999,     ,550,40, ,HIP  23542,75.94001,6.64032,,,,,,,
220,05 06 00.9190,+35 56 11.010,05060+3556,BD+35 973  , 32608, 23724,2007.8261,28.5,0.281, 1.81,550,40, ,HIP  23724,76.50383000000001,35.93639,12.72,,7.269999980926514,,6.287000179290772,6.056000232696532,5.997000217437744
221,05 06 33.7781,+26 29 43.743,05066+2630,BD+26 785  ,240622, 23772,2007.8205,33.1,0.1, 2.47,698,39, ,HIP  23772,76.64074000000001,26.49548,,,,,,,
222,05 06 43.0752,+14 05 05.201,05067+1405,BD+13 803  , 32851, 23789,2007.0042,117.2,0.998,     ,754,44, ,HIP  23789,76.67948,14.084779999999999,,,,,,,
225,05 08 06.6229,+24 15 54.631,05081+2416,ADS 3709   , 32990, 23900,2007.0069,201.9,0.39299999999999996, 3.13,754,44, ,HIP  23900,77.0276,24.265179999999997,11.7879,11.787946328163292,8.789999961853027,,7.579999923706055,7.295000076293945,7.232999801635742
228,05 10 20.6735,-07 35 38.749,05103-0736,ADS 3748   , 33507, 24076,2008.069,314.2,0.16699999999999998, 0.38,698,39, ,HIP  24076,77.58614,-7.5941,16.6243,16.624334379410072,8.84000015258789,,7.47599983215332,7.162000179290772,7.041999816894531
229,05 19 31.1709,-09 27 11.518,05195-0927,BD-09 1125 , 34766, 24839,2008.069,233.6,0.26, 2.43,698,39, ,HIP  24839,79.87988,-9.4532,26.322,26.32196743536316,7.059999942779541,,5.860000133514403,5.5900001525878915,5.5
230,05 20 14.6691,+41 05 10.352,05202+4105,BD+40 1253 , 34557, 24902,2007.0124,76.3,0.188, 2.65,550,40, ,HIP  24902,80.06111999999999,41.086209999999994,,,,,,,
233,05 21 38.9175,+10 19 37.591,05216+1020,BD+10 762  , 34957, 25033,2007.8261,318.7,0.39899999999999997, 1.63,550,40, ,HIP  25033,80.41216,10.327110000000001,39.821999999999996,39.822047852098535,10.052000045776367,9.598999977111816,7.374000072479247,6.767000198364258,6.574999809265138
234,05 21 39.9105,+18 54 24.408,05217+1854,BD+18 831  , 34926, 25035,2007.0042,35.2,0.152, 2.44,754,44,a,HIP  25035,80.41629,18.906779999999998,13.26,,8.829999923706055,,7.632999897003174,7.250999927520753,7.236999988555907
235,05 27 10.0935,+17 57 43.984,05272+1758,ADS 4038   , 35671, 25499,2007.0042,269.1,0.10300000000000001, 0.89,754,44,b,HIP  25499,81.79205999999999,17.962220000000002,,,,,,,
237,05 36 03.4656,-12 20 23.914,05361-1220,BD-12 1212 , 37161, 26301,2007.8179,203.0,0.496, 0.77,550,40, ,HIP  26301,84.01444000000001,-12.33998,,,,,,,
238,05 38 44.7793,-02 36 00.119,05387-0236,ADS 4241   , 37468, 26549,2007.0042,95.6,0.254, 1.25,754,44, ,HIP  26549,84.68658,-2.60003,,,,,,,
240,05 50 02.6859,+09 52 16.374,05500+0952,BD+09 978  , 39007, 27549,2007.8261,265.6,1.071,     ,550,40, ,HIP  27549,87.51119,9.871210000000001,,,,,,,
241,05 52 29.4119,-02 17 07.216,05525-0217,BD-02 1395 , 39438, 27758,2007.0042,285.2,0.099, 1.31,754,44,a,HIP  27758,88.12255,-2.28534,,,,,,,
245,05 55 35.3675,-04 47 18.896,05556-0447,BD-04 1291 , 39927, 28019,2007.0042,278.1,0.313, 3.13,754,44, ,HIP  28019,88.89735999999999,-4.7885800000000005,6.166,6.166016940421607,6.800000190734862,,4.709000110626222,3.9670000076293945,4.013999938964844
249,06 03 14.8608,+19 21 38.683,06032+1922,BD+19 1185 ,250792, 28671,2007.0097,182.3,0.10800000000000001, 1.64,698,39,a,HIP  28671,90.81192,19.36075,10.6,,8.420000076293945,,7.3369998931884775,7.041999816894531,6.995999813079834
252,06 04 05.7442,+21 29 38.897,06041+2130,BD+21 1099 , 41140, 28728,2007.818,338.5,0.8170000000000001, 3.69,550,40, ,HIP  28728,91.02393000000001,21.494139999999998,10.27,9.33844381015863,5.077,,2.9589999999999996,2.347,2.191
255,06 14 28.5829,+17 54 22.857,06145+1754,HR 2214    , 42954, 29616,2007.0042,322.5,0.366, 0.36,754,44,c,HIP  29616,93.6191,17.90635,,,,,,,
258,06 15 26.1487,-09 02 08.741,06154-0902,ADS 4866   , 43362, 29705,2007.8179,330.9,0.21, 0.82,550,40, ,HIP  29705,93.85895,-9.03576,,,,,,,
260,06 15 34.2561,+14 08 33.711,06156+1409,BD+14 1220 , 43209,      ,2007.0097,79.7,0.42, 3.12,698,39, ,HD   43209,93.89273,14.1427,9.3847,9.384679700793411,8.270000457763674,,7.415999889373778,7.239999771118164,7.14900016784668
265,06 17 06.6204,+09 56 32.600,06171+0957,ADS 4890   , 43525, 29850,2007.0097,262.8,0.07400000000000001, 0.28,698,39, ,HIP  29850,94.27758,9.94239,,,,,,,
269,06 31 25.8434,+07 49 20.418,06314+0749,ADS 5159   , 46055, 31089,2008.0691,79.9,0.19399999999999998, 0.82,698,39,c,HIP  31089,97.85768,7.82234,19.8129,19.812854726854578,6.37,,4.46,3.95,3.83
270,06 37 48.1707,+40 45 44.202,06378+4046,BD+40 1655 ,      , 31689,2007.818,293.0,0.359, 2.32,550,40,a,HIP  31689,99.45071,40.76228,16.4494,16.44935099203936,3.75,3.759999990463257,3.839999914169312,3.73799991607666,3.869999885559082
272,06 37 46.0391,+41 16 52.445,06378+4117,BD+41 1476 , 46880, 31687,2007.8235,42.6,0.478, 1.89,698,39, ,HIP  31687,99.44183000000001,41.28123,,,,,,,
273,06 38 43.2597,+43 21 10.313,06387+4321,BD+43 1576 , 47030, 31782,2007.818,247.6,0.08, 2.39,550,40,b,HIP  31782,99.68025,43.35286,23.5096,23.509584250890608,7.46999979019165,,6.2750000953674325,5.958000183105469,5.88700008392334
275,06 40 58.6596,+09 53 44.723,06410+0954,ADS 5322   , 47839, 31978,2007.0125,250.8,0.094, 1.63,550,40, ,HIP  31978,100.24441,9.895760000000001,7.6463,7.646257443408861,5.230000019073486,,5.459000110626222,5.563000202178955,5.526999950408936
276,06 41 54.1685,+47 47 36.731,06419+4748,BD+47 1326 , 47607, 32061,2007.818,263.2,0.193, 1.17,550,40, ,HIP  32061,100.4757,47.79354,16.7394,16.739387016010955,7.78000020980835,,6.706999778747559,6.4619998931884775,6.3460001945495605
278,06 42 37.4284,+39 55 12.874,06426+3955,BD+40 1685 ,      , 32132,2007.818,329.3,0.08900000000000001, 0.30,550,40, ,HIP  32132,100.65595,39.92024,,,,,,,
281,06 46 40.7309,+08 21 47.299,06467+0822,BD+08 1487 , 49015, 32475,2007.8262,244.7,0.401, 4.37,550,40, ,HIP  32475,101.66971,8.36314,9.1993,9.199283028436552,8.9399995803833,,7.823999881744385,7.511000156402588,7.440000057220459
282,06 48 39.3775,+07 37 20.400,06487+0737,ADS 5469   , 49409, 32650,2007.0125,64.3,1.2930000000000001,     ,550,40, ,HIP  32650,102.16407,7.622330000000001,8.39,7.502068337220327,9.56,,7.997999999999999,7.692,7.58
284,06 53 13.4006,+38 26 16.848,06532+3826,HR 2541    , 50037, 33064,2007.818,231.7,0.226, 1.85,550,40, ,HIP  33064,103.30584,38.43801,,,10.56,,,,
287,06 58 26.0514,-12 59 30.575,06584-1300,BD-12 1724 , 51849, 33560,2007.8262,39.4,0.877,     ,550,40, ,HIP  33560,104.60855,-12.99183,12.82,,8.66,,7.266,6.975,6.928
288,07 00 20.9228,+67 19 50.171,07003+6720,BD+67 466  , 50904, 33722,2007.8181,213.1,0.509, 3.03,550,40, ,HIP  33722,105.08718,67.3306,,,,,,,
290,07 02 55.0841,-13 13 04.098,07029-1313,BD-13 1791 , 53012, 33973,2007.8262,216.9,0.498, 3.25,550,40, ,HIP  33973,105.72952,-13.2178,19.63,,7.230000019073486,,6.152999877929688,5.876999855041504,5.749000072479247
291,07 08 02.7216,+35 51 41.458,07080+3552,BD+36 1567 , 53816, 34411,2007.01,162.3,0.14800000000000002, 0.89,550,40, ,HIP  34411,107.01133999999999,35.86152,,,,,,,
294,07 09 13.4969,+19 02 33.481,07092+1903,BD+19 1624 , 54322, 34524,2007.8235,301.0,0.054000000000000006, 1.66,698,39, ,HIP  34524,107.30623999999999,19.04263,14.947000000000001,14.946980020863155,5.816999912261963,,5.352000236511231,5.27899980545044,5.26200008392334
295,07 15 29.7873,+44 27 40.807,07155+4428,BD+44 1604 ,      , 35100,2007.01,73.3,0.502, 2.96,550,40, ,HIP  35100,108.87411000000002,44.46134,13.5444,13.544356967715053,9.05,9.12,7.296,7.035,6.904
298,07 16 44.5432,+16 08 49.641,07167+1609,BD+16 1433 , 56200, 35219,2007.8209,347.0,0.243, 1.49,698,39, ,HIP  35219,109.1856,16.14712,,,,,,,
300,07 17 03.4015,+26 41 22.144,07171+2641,BD+26 1508 , 56176, 35253,2007.8235,212.4,0.09300000000000001, 0.92,698,39, ,HIP  35253,109.26417,26.68948,23.1477,23.14771745826767,6.88,,5.8660000000000005,5.55,5.462000000000001
301,07 19 12.4091,+20 57 35.895,07192+2058,BD+21 1572 , 56762, 35459,2007.8262,165.9,0.43, 4.04,550,40, ,HIP  35459,109.8017,20.959970000000002,,,,,,,
302,07 19 23.8711,+22 01 28.372,07194+2201,BD+22 1642 , 56790, 35481,2007.8235,70.8,0.703, 3.48,698,39, ,HIP  35481,109.84946000000001,22.02455,,,,,,,
304,07 21 30.8969,+37 39 46.002,07215+3740,BD+37 1706 , 57104, 35662,2008.0693,321.0,0.16399999999999998, 2.47,698,39, ,HIP  35662,110.37874,37.66278,26.98,,,9.0600004196167,7.060999870300293,6.5349998474121085,6.412000179290772
305,07 23 08.4876,+40 41 59.444,07231+4042,BD+40 1850 , 57448, 35811,2007.8264,335.7,0.451, 2.64,550,40, ,HIP  35811,110.78536000000001,40.69985,,,,,,,
306,07 24 17.1893,+36 18 39.285,07243+3619,BD+36 1621 , 57769, 35919,2007.8264,350.0,0.489, 2.43,550,40, ,HIP  35919,111.07162,36.31091,,,,,,,
307,07 27 44.3595,+21 26 42.922,07277+2127,ADS 6089   , 58728, 36238,2007.8235,347.8,0.114, 2.27,698,39, ,HIP  36238,111.93483,21.44526,,,,,,,
309,07 29 21.8634,-14 59 55.161,07294-1500,ADS 6126   , 59438, 36395,2007.8235,31.8,1.844,     ,698,39, ,HIP  36395,112.3411,-14.998660000000001,,,,,,,
310,07 32 16.2445,-18 31 04.326,07323-1831,BD-18 1893 , 60092, 36652,2007.8235,171.6,0.414, 2.45,698,39, ,HIP  36652,113.06768999999998,-18.517870000000002,10.4281,10.42808136919968,,7.699999809265138,6.6579999923706055,6.236999988555907,6.132999897003174
312,07 35 12.2506,-17 32 53.466,07352-1733,BD-17 2048 , 60700, 36901,2007.8235,286.6,0.5660000000000001, 4.01,698,39, ,HIP  36901,113.80103999999999,-17.54818,,,,,,,
313,07 41 42.3454,+09 42 17.275,07417+0942,ADS 6291   , 61886, 37484,2007.8209,42.6,0.441, 0.58,698,39, ,HIP  37484,115.42643999999999,9.7048,,,,,,,
314,07 47 57.1953,+60 17 45.799,07480+6018,ADS 6354   , 62522, 38052,2007.8181,57.3,0.146, 0.36,550,40,c,HIP  38052,116.98831000000001,60.29606,,,,,,,
316,07 51 46.3029,-13 53 52.917,07518-1354,ADS 6420   , 64096, 38382,2007.8263,95.3,0.289, 1.00,550,40, ,HIP  38382,117.94293,-13.898029999999999,24.8223,24.82226258094568,9.392000000000001,,7.15,6.563,6.409
317,07 52 13.2815,+41 08 47.872,07522+4109,BD+41 1737 , 63749, 38415,2007.0128,3.5,0.175, 1.61,698,39, ,HIP  38415,118.05533999999999,41.14663,,,,,,,
318,07 52 47.8592,-05 25 41.728,07528-0526,HR 3072    , 64235, 38474,2007.8263,171.7,0.358, 1.21,550,40, ,HIP  38474,118.19941000000001,-5.42826,25.2041,25.2041182295644,5.289999961853027,4.940000057220459,4.550000190734863,4.489999771118164,4.400000095367432
322,07 56 02.7236,+23 41 33.772,07560+2342,BD+24 1805 , 64704, 38755,2007.0073,13.4,0.264, 0.98,754,44, ,HIP  38755,119.01135,23.69271,,,,,,,
324,08 04 08.3868,+33 01 50.660,08041+3302,ADS 6549   , 66299, 39480,2007.0101,341.3,0.41100000000000003, 0.26,550,40, ,HIP  39480,121.03493999999999,33.03074,,,,,,,
326,08 06 06.5460,-02 46 47.624,08061-0247,BD-02 2424 , 67049, 39646,2007.8236,303.2,0.36, 0.93,698,39, ,HIP  39646,121.52727,-2.7799,9.265,9.265019939178348,7.179999828338622,,6.497000217437744,6.326000213623048,6.3460001945495605
330,08 16 26.4710,-03 13 33.921,08164-0314,ADS 6707   , 69351, 40523,2008.0694,230.5,1.435,     ,698,39, ,HIP  40523,124.1103,-3.22609,,,,,,,
331,08 22 33.9407,-28 58 36.347,08226-2859,CD-28 5931 , 70724, 41044,2007.8236,241.4,0.109, 2.20,698,39, ,HIP  41044,125.64142,-28.97676,,,,,,,
333,08 27 53.6791,-26 07 58.638,08279-2608,CD-25 6109 , 71688, 41504,2007.8236,226.9,0.168, 2.84,698,39, ,HIP  41504,126.97366000000001,-26.13295,,,,,,,
335,08 28 04.0891,+35 53 30.519,08281+3554,BD+36 1826 , 71323, 41519,2007.8208,250.5,0.092, 1.50,698,39, ,HIP  41519,127.01704,35.89181,,,,,,,
336,08 34 43.7144,+63 10 45.656,08347+6311,BD+63 785  ,      , 42091,2007.0046,86.7,0.433, 1.84,754,44, ,HIP  42091,128.68214,63.17935,,,,,,,
338,08 36 25.4534,+67 17 42.410,08364+6718,BD+67 552  ,      , 42220,2007.0128,358.7,0.598,     ,698,39, ,HIP  42220,129.10606,67.29511,,,,,,,
339,08 42 29.3018,+36 56 27.775,08425+3656,BD+37 1895 ,      , 42730,2007.0101,205.6,0.483, 0.78,550,40, ,HIP  42730,130.62209,36.94105,8.3197,8.319698864317893,7.960000038146973,,7.283999919891357,7.1500000953674325,7.0970001220703125
341,08 44 37.7701,-01 16 02.057,08446-0116,BD-00 2057 ,      , 42905,2008.0694,15.2,0.42200000000000004, 1.42,698,39, ,HIP  42905,131.15738000000002,-1.26724,,,,,,,
342,08 46 46.5122,+06 25 07.685,08468+0625,ADS 6993   , 74874, 43109,2007.0101,96.8,0.122, 1.05,550,40, ,HIP  43109,131.6938,6.4188,,,,,,,
343,08 56 06.9712,+36 26 09.003,08561+3626,BD+37 1927 , 76261, 43861,2007.0128,155.0,0.775,     ,698,39, ,HIP  43861,134.02905,36.435829999999996,,,,,,,
344,08 57 04.6857,+11 38 49.162,08571+1139,BD+12 1944 ,      , 43948,2007.0046,288.9,0.168, 1.47,754,44, ,HIP  43948,134.26952,11.646989999999999,,,,,,,
345,08 59 02.2447,+01 51 52.894,08590+0152,BD+02 2116 ,      , 44109,2007.0101,330.9,1.6130000000000002,     ,550,40, ,HIP  44109,134.75935,1.8646900000000002,,,,,,,
346,09 00 18.8175,+53 19 51.909,09003+5320,BD+53 1300 , 76749, 44209,2007.0046,67.9,0.9620000000000001,     ,754,44, ,HIP  44209,135.07841000000002,53.33109,,,,,,,
347,09 00 38.3807,+41 46 58.605,09006+4147,HR 3579    , 76943, 44248,2007.0046,333.0,0.5379999999999999, 2.07,754,44, ,HIP  44248,135.15992,41.78295,,,,,,,
351,09 01 17.3373,+48 54 57.965,09013+4855,BD+49 1794 ,      , 44294,2008.0694,152.9,0.127, 0.68,698,39, ,HIP  44294,135.32224,48.9161,,,,,,,
352,09 01 40.7627,+39 42 48.656,09017+3943,HR 3586    , 77093, 44331,2007.0046,34.7,0.561, 2.83,754,44, ,HIP  44331,135.41984,39.71352,,,,,,,
356,09 03 37.5276,+47 09 23.489,09036+4709,ADS 7158   , 77327, 44471,2007.0046,297.9,0.20600000000000002, 0.38,754,44, ,HIP  44471,135.90636,47.15652,20.1169,20.116877912560405,6.86,,5.9639999999999995,5.718999999999999,5.666
360,09 09 30.6095,+32 49 09.513,09095+3250,BD+33 1814 ,      , 44955,2007.0102,209.0,0.772, 1.87,550,40, ,HIP  44955,137.37753999999998,32.819309999999994,,,,,,,
365,09 25 10.7928,+46 05 53.534,09252+4606,BD+46 1500 , 81105, 46199,2007.0102,155.3,0.385, 2.65,550,40, ,HIP  46199,141.29497,46.0982,,,,,,,
369,09 25 36.5897,+39 41 27.313,09256+3941,BD+40 2203 , 81225, 46237,2007.0129,260.3,0.27399999999999997, 2.27,698,39, ,HIP  46237,141.40246000000002,39.69092,,,,,,,
371,09 37 48.3764,+48 00 10.335,09378+4800,BD+48 1788 , 83127, 47245,2008.0694,356.3,0.784,     ,698,39, ,HIP  47245,144.45157,48.00287,,,,,,,
372,09 42 43.0941,+48 25 51.601,09427+4826,HR 3854    , 83869, 47633,2008.0694,189.4,0.449, 3.51,698,39, ,HIP  47633,145.67956,48.431,18.9472,18.947207447001794,6.439000129699707,7.75,5.52400016784668,5.2849998474121085,5.254000186920166
373,09 44 25.1603,+44 29 08.166,09444+4429,BD+45 1755 ,      , 47775,2007.0102,84.9,1.192,     ,550,40, ,HIP  47775,146.10483,44.4856,,,,,,,
374,09 47 18.0430,+79 08 12.052,09473+7908,BD+79 319  , 83727, 48017,2008.0695,39.5,0.115, 1.92,698,39, ,HIP  48017,146.82518000000002,79.13668,,,,,,,
375,09 47 25.9647,+11 34 05.397,09474+1134,HR 3880    , 84722, 48029,2007.0074,192.2,0.07400000000000001, 0.56,550,40,b,HIP  48029,146.85818999999998,11.56817,,,,,,,
376,09 53 30.9789,+16 57 01.431,09535+1657,BD+17 2150 ,      , 48504,2007.0047,276.1,0.162, 0.71,754,44,b,HIP  48504,148.37908000000002,16.9504,,,,,,,
379,09 54 48.9520,+65 14 59.423,09548+6515,BD+65 743  , 85515, 48612,2007.0103,178.3,0.278, 2.87,550,40, ,HIP  48612,148.70397,65.24984,,,,,,,
380,09 56 33.7905,+43 58 56.417,09566+4359,BD+44 1931 , 85973, 48746,2007.3297,263.6,0.494, 0.73,698,39, ,HIP  48746,149.14078999999998,43.98234,,,,,,,
382,10 06 40.7689,+17 53 42.373,10067+1754,BD+18 2317 , 87646, 49522,2007.0075,75.6,0.40399999999999997, 2.70,550,40, ,HIP  49522,151.66987,17.8951,,,,,,,
384,10 07 07.9853,+45 03 35.851,10071+4504,BD+45 1798 , 87600, 49563,2007.3269,295.6,0.792,     ,550,40, ,HIP  49563,151.78327,45.05996,,,,,,,
387,10 08 15.8872,+31 36 14.587,10083+3136,ADS 7651   , 87822, 49658,2007.0128,172.1,0.086, 0.59,698,39,c,HIP  49658,152.0662,31.60405,,,,,,,
388,10 10 16.8821,+49 30 26.416,10103+4930,BD+50 1721 , 88046, 49825,2007.0102,234.7,0.396, 3.63,550,40, ,HIP  49825,152.57034,49.50734,,,,,,,
392,10 11 38.2115,+13 21 18.407,10116+1321,ADS 7674   , 88355, 49929,2007.0047,279.7,0.11599999999999999, 1.29,754,44, ,HIP  49929,152.90921,13.35511,,,,,,,
401,10 29 25.6231,+12 11 13.195,10294+1211,BD+12 2217 , 90823, 51360,2007.0103,62.7,0.11599999999999999, 1.31,550,40, ,HIP  51360,157.35676,12.187,10.2312,10.231204327516423,8.119999885559082,,7.066999912261963,6.822999954223633,6.769000053405763
403,10 32 00.6683,+08 30 38.244,10320+0831,BD+09 2366 ,      , 51571,2007.3298,52.8,0.8059999999999999,     ,698,39, ,HIP  51571,158.00278,8.51062,4.3584,4.358437820982264,8.310000419616701,,7.1579999923706055,6.994999885559082,6.888000011444093
405,10 39 08.8755,+45 29 00.088,10392+4529,BD+46 1648 ,      , 52142,2007.0129,33.8,0.5920000000000001,     ,698,39, ,HIP  52142,159.78698,45.48336,20.2605,20.260478061420862,8.494999885559082,8.789999961853027,6.988999843597412,6.576000213623048,6.4650001525878915
406,10 42 37.4829,+03 34 59.210,10426+0335,ADS 7896   , 92749, 52401,2007.0048,254.4,0.575, 1.56,754,44, ,HIP  52401,160.65618,3.58311,,,,,,,
409,10 44 34.2867,-02 28 27.954,10446-0228,BD-01 2435 , 93034, 52543,2007.3298,199.9,0.11800000000000001, 2.03,698,39,a,HIP  52543,161.14286,-2.47443,,,,,,,
410,10 52 56.6075,-17 16 37.681,10529-1717,BD-16 3142 , 94310, 53206,2008.0696,286.2,0.213, 0.47,698,39,b,HIP  53206,163.23586,-17.27713,16.5074,16.507430190983413,8.630000114440918,,7.239999771118164,6.873000144958496,6.769999980926514
411,11 00 02.0546,-03 28 16.747,11000-0328,ADS 8007   , 95280, 53765,2007.0104,300.8,1.399,     ,550,40, ,HIP  53765,165.00856000000002,-3.4713199999999995,19.0381,19.038137495047426,4.25,,3.70199990272522,3.882999897003174,3.693000078201294
415,11 01 45.7383,+36 40 41.679,11017+3641,BD+37 2145 , 95485, 53903,2007.0049,341.7,0.244, 3.11,754,44, ,HIP  53903,165.44058,36.67824,,,,,,,
417,11 05 36.2157,+64 48 14.330,11056+6448,BD+65 817  , 96001, 54218,2007.013,151.2,0.11, 0.37,698,39,a,HIP  54218,166.4009,64.80398000000001,28.0378,28.037849152257266,3.87,3.03,1.985,1.4469999999999998,1.328
418,11 10 11.9303,-11 21 36.554,11102-1122,BD-10 3211 , 97038, 54580,2008.0696,0.5,0.145, 0.44,698,39, ,HIP  54580,167.54971,-11.36015,16.2411,16.241126532019248,5.001999855041504,,5.310999870300293,4.881999969482422,4.760000228881836
419,11 11 23.7137,+41 49 36.253,11114+4150,BD+42 2189 ,      , 54663,2007.0049,146.9,0.251, 1.62,754,44, ,HIP  54663,167.84881000000001,41.82674,,,,,,,
421,11 13 20.2955,+77 37 29.899,11134+7737,BD+78 378  , 97177, 54821,2008.0697,311.0,0.726,     ,698,39, ,HIP  54821,168.33456,77.62496999999999,,,,,,,
422,11 24 15.6665,+13 54 06.880,11243+1354,BD+14 2382 , 99088, 55661,2007.0048,38.5,0.821,     ,754,44, ,HIP  55661,171.06528,13.90191,,,,,,,
428,11 25 59.4451,+12 13 19.911,11260+1213,BD+13 2405 , 99328, 55799,2007.3216,277.6,1.199,     ,754,44, ,HIP  55799,171.49768999999998,12.2222,,,,,,,
431,11 29 01.3949,+15 55 20.672,11290+1555,BD+16 2265 , 99811, 56030,2007.0048,314.8,0.47100000000000003, 2.11,754,44, ,HIP  56030,172.25581,15.922410000000001,,,,,,,
437,11 34 08.2484,+14 53 29.110,11341+1453,BD+15 2348 ,100509, 56427,2007.0048,265.0,0.515, 2.37,754,44, ,HIP  56427,173.53437,14.891420000000002,,,,,,,
442,11 34 09.9479,+11 01 25.905,11342+1101,BD+11 2372 ,100518, 56429,2007.3216,244.3,1.079,     ,754,44, ,HIP  56429,173.54145,11.02386,,,,,,,
448,11 40 12.6485,+26 09 12.558,11402+2609,BD+26 2243 ,101396, 56921,2008.0697,275.5,0.5, 2.97,698,39, ,HIP  56921,175.0527,26.153489999999998,10.3633,10.363329530038977,8.800000190734863,,7.255000114440918,6.8400001525878915,6.751999855041504
449,11 56 00.2260,+35 20 25.883,11560+3520,BD+36 2223 ,103613, 58184,2007.0131,49.4,0.107, 1.68,698,39,b,HIP  58184,179.00093999999999,35.34052,,,,,,,
450,11 58 05.7149,+80 37 55.267,11581+8038,BD+81 388  ,103902, 58366,2007.4255,309.0,0.355, 2.33,550,40, ,HIP  58366,179.52381,80.63202,19.5452,19.545170147640953,6.9689998626708975,,5.98199987411499,5.709000110626222,5.626999855041504
451,11 59 48.7359,+51 03 50.200,11598+5104,BD+51 1718 ,233887, 58497,2007.0105,74.4,0.9229999999999999,     ,550,40, ,HIP  58497,179.95307,51.06394,,,,,,,
455,12 02 46.6998,+24 50 10.116,12028+2450,BD+25 2450 ,104603, 58731,2007.4256,153.2,0.121, 3.04,550,40, ,HIP  58731,180.69458,24.83614,6.74,,8.970000267028809,,8.057000160217285,7.811999797821045,7.7880001068115225
456,12 06 01.3355,+68 41 55.247,12060+6842,ADS 8419   ,105122, 59017,2007.0105,35.5,0.26, 0.45,550,40,b,HIP  59017,181.50556,68.69868000000001,,,,,,,
460,12 10 47.3111,+39 53 29.425,12108+3953,ADS 8446   ,105824, 59366,2007.0049,161.1,0.423, 0.61,754,44, ,HIP  59366,182.69713000000002,39.89151,24.63,22.16395407046053,6.739999771118164,,5.764999866485597,5.553999900817871,5.4670000076293945
464,12 11 55.5027,+59 41 50.092,12119+5942,BD+60 1382 ,106055, 59474,2007.0104,121.0,0.664, 2.97,550,40, ,HIP  59474,182.98126000000002,59.69725,,,,,,,
467,12 18 35.4057,-14 24 25.894,12186-1424,BD-13 3514 ,107040, 60022,2007.3217,61.3,0.08900000000000001, 0.23,754,44,a,HIP  60022,184.64752,-14.40719,,,,,,,
468,12 19 54.3540,-00 40 00.460,12199-0040,HR 4689    ,107259, 60129,2007.005,298.8,0.099, 2.07,754,44, ,HIP  60129,184.97647,-0.66679,6.5433,6.543314613180107,7.519999980926514,,5.875999927520753,5.453999996185303,5.329999923706055
472,12 28 23.3513,+65 28 25.484,12284+6528,BD+66 761  ,108649, 60858,2007.4228,144.8,0.177, 0.68,754,44,c,HIP  60858,187.0973,65.47375,9.47,6.156827883810267,6.5,,6.0809998512268075,6.015999794006348,6.005000114440918
474,12 33 36.9769,+02 54 43.184,12336+0255,BD+03 2665 ,109288, 61303,2007.4256,104.7,0.28800000000000003, 2.36,550,40, ,HIP  61303,188.40407,2.912,7.0844,7.084421802543348,8.9399995803833,,7.646999835968018,7.303999900817871,7.235000133514403
475,12 34 51.0806,+22 37 45.330,12349+2238,HR 4789    ,109485, 61394,2007.0077,17.1,0.321, 1.85,550,40, ,HIP  61394,188.71284,22.629260000000002,18.4765,18.4764913890264,8.88,8.08,6.252999999999999,6.026,5.942
477,12 41 39.6435,-01 26 57.742,12417-0127,ADS 8630   ,110379, 61941,2007.005,240.0,0.649, 0.66,754,44,c,HIP  61941,190.41518,-1.44937,,,,,,,
481,12 44 22.6196,+21 59 36.566,12444+2200,BD+22 2506 ,110789, 62162,2007.005,254.4,0.21, 2.66,754,44,a,HIP  62162,191.09425,21.993489999999998,,,,,,,
484,12 48 39.4655,+60 19 11.423,12487+6019,HR 4867    ,111456, 62512,2007.0076,223.9,0.151, 3.16,550,40, ,HIP  62512,192.16443999999998,60.31984,5.417000000000001,5.4170282768359135,5.5,,5.252999782562256,5.302999973297119,5.2729997634887695
486,12 50 49.6051,+08 05 56.777,12508+0806,BD+08 2650 ,111660, 62697,2007.4228,78.9,0.152, 2.24,754,44, ,HIP  62697,192.70668999999998,8.0991,,,,,,,
488,12 51 54.0583,+26 47 08.834,12519+2647,BD+27 2181 ,      , 62779,2007.4228,178.4,0.47600000000000003, 1.12,754,44, ,HIP  62779,192.97523999999999,26.785790000000002,,,,,,,
490,12 53 55.4213,+24 38 09.217,12539+2438,BD+25 2571 ,112115, 62943,2008.0698,326.1,0.099, 2.41,698,39, ,HIP  62943,193.48092,24.63589,17.42,,7.420000076293945,,6.359000205993652,6.126999855041504,6.063000202178955
492,12 59 33.2588,+28 14 20.090,12595+2814,BD+29 2350 ,112886, 63407,2008.0698,113.7,0.147, 1.47,698,39, ,HIP  63407,194.88858000000002,28.238909999999997,6.8933,6.893348259581241,8.479999542236326,,7.691999912261963,7.48199987411499,7.429999828338622
495,13 09 40.7073,+44 18 11.964,13097+4418,BD+45 2089 ,114399, 64215,2008.4659,251.4,0.6559999999999999, 1.28,754,44, ,HIP  64215,197.41961,44.30332,12.6738,12.673767635805385,5.455999851226807,,5.0980000495910645,5.114999771118164,5.0229997634887695
496,13 09 59.2852,+17 31 46.039,13100+1732,ADS 8804   ,114378, 64241,2007.005,192.6,0.5539999999999999, 0.51,754,44,c,HIP  64241,197.49702,17.52946,,,,,,,
499,13 10 29.3462,+11 02 39.867,13105+1103,BD+11 2542 ,      , 64284,2007.0051,143.9,0.595, 1.13,754,44, ,HIP  64284,197.62228000000002,11.044410000000001,,,,,,,
504,13 15 31.9529,+40 51 18.721,13155+4051,HR 5004    ,115271, 64692,2007.0105,50.8,0.584, 3.42,550,40, ,HIP  64692,198.88314,40.8552,9.27,,9.260000228881836,,8.046999931335451,7.757999897003174,7.695000171661378
506,13 18 51.1230,+03 41 15.487,13189+0341,BD+04 2721 ,115709, 64954,2008.466,109.4,1.129,     ,754,44, ,HIP  64954,199.71301,3.68764,0.9448,0.9447730758075941,7.730000019073486,,5.914999961853027,5.501999855041504,5.3410000801086435
507,13 18 58.3443,-25 35 44.340,13190-2536,CD-24 10838,115683, 64970,2007.4229,189.3,0.09, 1.87,754,44, ,HIP  64970,199.7431,-25.59565,4.9316,4.931645677548487,5.40399980545044,,5.49399995803833,5.61899995803833,5.5910000801086435
508,13 19 45.6529,+47 46 40.951,13198+4747,ADS 8862   ,115953, 65026,2007.0133,280.1,0.113, 1.89,698,39, ,HIP  65026,199.94021999999998,47.778040000000004,,,,,,,
511,13 23 23.2969,+57 54 22.140,13234+5754,BD+58 1441 ,238224, 65327,2007.33,213.7,0.29, 2.76,698,39, ,HIP  65327,200.84707,57.90615,6.08,,9.09,,8.048,7.849,7.752999999999999
512,13 24 26.0659,-04 18 32.317,13244-0419,BD-03 3462 ,116545, 65414,2007.33,256.5,0.335, 4.51,698,39, ,HIP  65414,201.10861,-4.30898,3.04,,3.79,3.87,4.75,4.64,4.49
513,13 28 11.7923,+50 35 14.249,13282+5035,HR 5079    ,117281, 65698,2007.0076,245.5,0.17300000000000001, 4.62,550,40, ,HIP  65698,202.04913,50.58729,,,,,,,
515,13 29 16.2227,+48 46 39.961,13293+4847,BD+49 2218 ,      , 65800,2007.3274,184.3,0.509, 0.93,550,40, ,HIP  65800,202.31759,48.777770000000004,9.1,7.962081464470113,5.867000000000001,,4.284,3.862,3.7489999999999997
518,13 32 41.6912,+22 30 06.650,13327+2230,BD+23 2581 ,      , 66072,2007.3301,107.0,0.171, 0.60,698,39, ,HIP  66072,203.17371,22.50185,11.9056,11.905557113866179,7.239999771118164,,6.203999996185303,5.945000171661378,5.8420000076293945
519,13 33 08.2081,+43 15 09.932,13331+4316,BD+44 2279 ,      , 66110,2007.0078,155.8,0.177, 2.01,550,40, ,HIP  66110,203.2842,43.252759999999995,,,,,,,
523,13 39 34.6161,+10 44 46.583,13396+1045,ADS 8987   ,118889, 66640,2007.0051,208.6,0.3, 0.30,754,44, ,HIP  66640,204.89423,10.746269999999999,,,,,,,
528,13 39 59.5727,+12 35 21.684,13400+1235,BD+13 2698 ,      , 66665,2008.0699,84.2,0.22699999999999998, 0.99,698,39, ,HIP  66665,204.99822,12.589360000000001,,,,,,,
529,13 41 55.8645,+14 07 05.232,13419+1407,BD+14 2650 ,119260, 66841,2007.3218,228.3,0.26, 2.07,754,44, ,HIP  66841,205.48277,14.118120000000001,9.6358,9.635793241170116,6.263999938964844,,6.133999824523926,6.122000217437744,6.10699987411499
535,13 45 43.6657,+22 30 53.502,13457+2231,BD+23 2611 ,119901, 67156,2007.3219,176.5,0.11800000000000001, 1.10,754,44, ,HIP  67156,206.43194,22.514860000000002,,,,,,,
537,13 47 42.3987,+21 27 37.720,13477+2128,BD+22 2632 ,      , 67309,2007.3219,148.8,1.263,     ,754,44, ,HIP  67309,206.92666,21.46048,,,,,,,
538,13 49 32.7028,+75 34 01.276,13495+7534,BD+76 502  ,121128, 67467,2007.3301,102.2,0.659,     ,698,39, ,HIP  67467,207.38626000000002,75.56702,,,,,,,
540,13 57 45.0182,+06 10 02.130,13578+0610,BD+06 2814 ,121813, 68199,2008.466,141.8,0.205, 0.95,754,44, ,HIP  68199,209.43758,6.16726,,,,,,,
541,13 59 49.2799,-03 32 59.250,13598-0333,HR 5258    ,122106, 68380,2007.4174,26.4,0.055, 1.05,698,39, ,HIP  68380,209.95532999999998,-3.5497900000000002,,,,,,,
542,13 59 55.6537,+28 09 40.618,13599+2810,BD+28 2284 ,      , 68384,2007.423,309.3,1.24,     ,754,44, ,HIP  68384,209.98189,28.161279999999998,,,,,,,
544,14 01 15.4672,+00 41 42.826,14013+0042,BD+01 2871 ,122329, 68486,2008.0699,32.8,0.111, 2.02,698,39, ,HIP  68486,210.31445,0.69523,6.0,5.71911185935173,7.76,,7.292000000000001,7.225,7.171
546,14 02 50.8137,+14 16 46.816,14028+1417,BD+14 2691 ,122654, 68624,2007.4174,104.1,0.373, 1.07,698,39, ,HIP  68624,210.71172,14.279670000000001,,,,,,,
547,14 10 25.8031,+39 31 34.671,14104+3932,BD+40 2744 ,124085, 69227,2007.3246,191.0,0.215, 2.21,550,40, ,HIP  69227,212.60751000000002,39.5263,,,,,,,
548,14 10 33.3163,+05 28 20.129,14106+0528,BD+06 2844 ,      , 69245,2007.3274,265.1,0.976,     ,550,40, ,HIP  69245,212.63882,5.4722599999999995,6.17,,8.53,7.2,5.3839999999999995,5.252999999999999,5.256
554,14 12 41.5615,+23 48 51.488,14127+2349,BD+24 2700 ,      , 69410,2007.3219,120.4,1.1,     ,754,44, ,HIP  69410,213.17317000000003,23.8143,,,,,,,
556,14 13 36.8581,+55 22 11.223,14136+5522,BD+56 1719 ,124754, 69488,2007.3246,191.1,0.317, 2.20,550,40, ,HIP  69488,213.40357999999998,55.369780000000006,,,,,,,
557,14 13 49.1965,+17 20 21.771,14138+1720,BD+18 2846 ,      , 69516,2007.3219,359.7,0.868,     ,754,44, ,HIP  69516,213.45498999999998,17.33938,4.67,,6.0809998512268075,,6.203999996185303,6.210000038146973,6.24399995803833
563,14 17 03.7893,-18 35 08.530,14171-1835,BD-17 4053 ,124990, 69792,2007.423,90.7,0.6729999999999999,     ,754,44, ,HIP  69792,214.26578999999998,-18.5857,,,,,,,
565,14 18 32.4623,+09 17 26.985,14185+0917,BD+09 2875 ,125321, 69921,2007.423,329.2,0.387, 2.42,754,44, ,HIP  69921,214.63526000000002,9.29083,9.988,9.988004476385676,8.399999618530272,,7.2750000953674325,6.993000030517577,6.940000057220459
568,14 18 58.2796,-06 36 13.128,14190-0636,BD-05 3853 ,125354, 69962,2007.4175,106.1,0.34700000000000003, 1.21,698,39, ,HIP  69962,214.74282999999997,-6.60365,,,,,,,
571,14 22 12.8349,+05 13 29.248,14222+0513,BD+05 2870 ,125882, 70233,2007.3274,132.6,0.391, 1.75,550,40, ,HIP  70233,215.55347999999998,5.2247900000000005,,,,,,,
574,14 22 43.3543,+02 16 28.773,14227+0216,BD+02 2806 ,125979, 70278,2007.3274,8.0,0.7440000000000001,     ,550,40, ,HIP  70278,215.68063999999998,2.27466,,,,,,,
577,14 25 47.7693,-26 51 08.073,14258-2651,CD-26 10280,126400, 70538,2007.423,257.1,0.9059999999999999,     ,754,44, ,HIP  70538,216.44904,-26.852240000000002,,,,,,,
578,14 26 02.3823,+42 13 05.128,14260+4213,BD+42 2498 ,126719, 70564,2007.4175,184.5,0.126, 0.24,698,39,a,HIP  70564,216.50992999999997,42.218090000000004,,12.754205891495054,,,,,
582,14 31 15.4261,+39 54 45.127,14313+3955,BD+40 2793 ,127615, 71000,2008.4661,286.0,0.077, 0.37,754,44, ,HIP  71000,217.81427999999997,39.91254,,,,,,,
584,14 32 58.0650,+06 55 58.837,14330+0656,BD+07 2803 ,127741, 71142,2007.322,61.2,0.217, 2.34,754,44, ,HIP  71142,218.24194,6.93301,,,,,,,
588,14 35 18.6616,+43 01 55.425,14353+4302,BD+43 2418 ,128387, 71336,2007.4176,302.1,0.49700000000000005, 3.27,698,39, ,HIP  71336,218.82776,43.032059999999994,,,,,,,
590,14 36 53.6892,-04 16 44.375,14369-0417,BD-03 3648 ,128428, 71462,2008.4633,162.2,0.73, 3.49,698,39, ,HIP  71462,219.2237,-4.27899,15.09,15.090007278662565,8.279999732971191,,7.123000144958496,6.8470001220703125,6.748000144958496
591,14 37 28.4671,+02 16 38.077,14375+0217,ADS 9323   ,128563, 71510,2007.3275,164.4,0.21100000000000002, 1.91,550,40,c,HIP  71510,219.36861000000002,2.27724,6.3049,6.304912122635321,9.739999771118164,,8.493000030517576,8.196999549865723,8.14799976348877
594,14 38 50.8825,-22 32 34.581,14388-2233,BD-21 3940 ,128688, 71619,2007.423,72.4,0.7240000000000001,     ,754,44, ,HIP  71619,219.71201000000002,-22.542939999999998,,,,,,,
595,14 40 04.2562,+02 45 38.728,14401+0246,BD+03 2919 ,      , 71706,2007.4231,75.9,0.426, 1.29,754,44, ,HIP  71706,220.01772999999997,2.76076,2.2545,2.254482035003874,8.699999809265138,,7.778999805450439,7.576000213623048,7.5229997634887695
597,14 44 21.0363,-25 53 41.895,14444-2554,CD-25 10504,129636, 72058,2007.423,239.9,0.278, 1.92,754,44, ,HIP  72058,221.08765,-25.89497,4.558,4.5579795039142175,9.220000267028807,,8.524999618530272,8.381999969482424,8.324000358581543
598,14 45 57.3946,+47 22 53.231,14460+4723,BD+47 2174 ,      , 72191,2007.4231,313.4,0.613, 0.47,754,44, ,HIP  72191,221.48914,47.38145,,,,,,,
600,14 49 18.0996,+49 50 15.953,14493+4950,BD+50 2120 ,130986, 72486,2007.4176,345.7,1.053,     ,698,39, ,HIP  72486,222.32541,49.837759999999996,3.55,-0.7845042177608577,4.64,,5.202000000000001,5.322,5.34
602,14 52 03.2419,+46 28 35.836,14521+4629,BD+47 2180 ,131446, 72718,2007.3221,50.1,0.47600000000000003, 3.62,754,44, ,HIP  72718,223.01351,46.476620000000004,6.9682,6.96816364401397,7.570000171661378,,6.984000205993652,6.86899995803833,6.821000099182129
608,14 56 29.9343,+17 06 11.596,14565+1706,BD+17 2803 ,132031, 73106,2008.4606,338.2,0.34700000000000003, 3.11,550,40, ,HIP  73106,224.12472999999997,17.10322,,,,,,,
610,15 00 34.9964,+08 36 00.592,15006+0836,BD+09 2983 ,132756, 73449,2007.3275,338.6,0.086, 0.00,550,40, ,HIP  73449,225.14582000000001,8.60016,10.2253,10.225251314303039,9.239999771118164,,8.015000343322754,7.710999965667725,7.660999774932861
614,15 00 55.5793,+45 25 34.346,15009+4526,BD+45 2247 ,      , 73470,2007.4231,173.5,1.6569999999999998,     ,754,44, ,HIP  73470,225.23157999999998,45.42621,,,,,,,
618,15 06 56.0706,+14 05 52.256,15069+1406,BD+14 2837 ,133967, 73967,2007.3275,299.1,0.723,     ,550,40, ,HIP  73967,226.73362999999998,14.09785,,,,,,,
619,15 15 11.3520,+04 56 21.710,15152+0456,BD+05 2985 ,135482, 74649,2007.3275,274.2,0.20199999999999999, 2.43,550,40, ,HIP  74649,228.7973,4.93936,13.5802,13.580226283658927,7.039999961853027,,6.304999828338622,6.183000087738037,6.079999923706055
623,15 20 52.9215,+45 39 53.540,15209+4540,BD+46 2059 ,136795, 75107,2008.0701,280.0,0.713,     ,698,39, ,HIP  75107,230.22051000000002,45.66487,18.82,,8.95,8.48,6.774,6.457000000000001,6.348
626,15 20 59.6323,+21 04 06.319,15210+2104,ADS 9600   ,136596, 75117,2008.4606,125.2,0.705,     ,550,40, ,HIP  75117,230.24847000000003,21.06842,,,,,,,
628,15 21 12.8389,+05 22 58.672,15212+0523,BD+05 2993 ,136565, 75133,2007.3275,270.2,0.45299999999999996, 2.70,550,40, ,HIP  75133,230.3035,5.38296,14.38,,,6.0,5.361000000000001,5.15,5.0760000000000005
631,15 22 35.0344,+72 54 15.639,15226+7254,BD+73 673  ,137825, 75248,2007.4231,158.8,0.147, 1.60,754,44, ,HIP  75248,230.64597999999998,72.90434,,,,,,,
633,15 23 12.3053,+30 17 16.170,15232+3017,ADS 9617   ,137107, 75312,2008.4634,150.8,0.534, 0.48,698,39, ,HIP  75312,230.80127000000002,30.28782,,,,,,,
634,15 24 19.3388,+02 47 49.713,15243+0248,BD+03 3020 ,137149, 75392,2007.3276,1.5,0.614, 3.11,550,40, ,HIP  75392,231.08057999999997,2.79714,44.4117,44.41171368637084,9.156999588012695,8.442999839782715,6.902999877929688,6.368000030517577,6.190000057220459
637,15 28 13.6475,-06 26 16.193,15282-0626,BD-05 4081 ,137795, 75728,2007.4259,16.8,0.265, 2.21,550,40, ,HIP  75728,232.05686,-6.43783,5.74,9.239691790280013,6.53,,4.925,4.289,4.363
638,15 30 44.9515,+38 09 48.463,15307+3810,ADS 9682   ,138439, 75949,2007.4176,162.1,0.203, 0.38,698,39, ,HIP  75949,232.6873,38.16346,,,,,,,
639,15 31 46.9818,+40 53 57.612,15318+4054,ADS 9688   ,138629, 76041,2007.4176,196.2,0.057, 1.60,698,39, ,HIP  76041,232.94576,40.89934,16.9669,16.966949068154435,7.6599998474121085,,6.665999889373778,6.3979997634887695,6.3309998512268075
641,15 33 56.7963,-17 00 08.197,15339-1700,BD-16 4112 ,138648, 76203,2007.4257,66.8,0.295, 1.68,550,40, ,HIP  76203,233.48665,-17.00228,10.6709,10.670925957673196,8.560000419616701,,7.473999977111816,7.217000007629394,7.138999938964844
642,15 37 11.4919,+05 25 44.481,15372+0526,BD+05 3044 ,139286, 76478,2007.3276,358.0,0.5660000000000001, 0.41,550,40, ,HIP  76478,234.29788,5.4290199999999995,,,,,,,
644,15 37 32.0068,+54 30 31.430,15375+5431,HR 5828    ,139778, 76509,2007.3248,42.0,0.948,     ,550,40, ,HIP  76509,234.38336,54.50873000000001,,,,,,,
646,15 37 55.3716,+50 04 55.952,15379+5005,BD+50 2204 ,139779, 76540,2007.3248,294.8,0.252, 1.92,550,40, ,HIP  76540,234.48071000000002,50.082209999999996,13.5232,13.523207247571607,8.409999847412111,8.199999809265138,7.160999774932861,6.874000072479247,6.809000015258789
650,15 38 17.5375,+48 42 16.355,15383+4842,BD+49 2413 ,      , 76575,2007.3276,66.0,0.41700000000000004, 3.93,550,40, ,HIP  76575,234.57307000000003,48.70454,9.2874,9.287445054686627,10.0,,8.621999740600586,8.23799991607666,8.170999526977539
653,15 38 54.5578,-19 18 06.825,15389-1918,BD-18 4118 ,139446, 76628,2007.4258,113.1,0.386, 3.44,550,40, ,HIP  76628,234.72732000000002,-19.3019,,,,,,,
654,15 39 26.4031,-13 54 40.221,15394-1355,BD-13 4216 ,139591, 76676,2007.4258,201.8,0.09699999999999999, 0.77,550,40,a,HIP  76676,234.86001000000002,-13.911170000000002,,,,,,,
655,15 40 28.3910,-18 41 46.216,15405-1842,BD-18 4125 ,139751, 76768,2007.4258,47.0,0.815,     ,550,40, ,HIP  76768,235.1183,-18.696170000000002,19.1348,19.134781270479568,6.755000114440918,,5.88100004196167,5.658999919891357,5.632999897003174
657,15 46 28.2136,+50 47 59.999,15465+5048,BD+51 2030 ,141373, 77263,2007.3276,143.4,0.077, 0.35,550,40,a,HIP  77263,236.61756,50.8,,,,,,,
659,15 48 53.0872,+23 14 29.568,15489+2314,BD+23 2862 ,141529, 77459,2007.4177,281.6,0.615, 3.31,698,39, ,HIP  77459,237.2212,23.24155,12.95,15.49876871927777,6.388999938964844,,4.809000015258789,4.3359999656677255,4.172999858856201
660,15 52 08.2357,+10 52 28.129,15521+1052,BD+11 2874 ,      , 77725,2007.3304,242.4,0.11199999999999999, 0.63,698,39, ,HIP  77725,238.03432,10.87448,14.2459,14.245939104560563,8.569999694824219,,7.449999809265138,7.172999858856201,7.085000038146973
665,16 03 49.3106,+14 06 28.644,16038+1406,BD+14 2988 ,      , 78688,2007.3248,357.2,0.528, 3.08,550,40, ,HIP  78688,240.95546000000002,14.10796,1.4301,1.4301360181906349,7.760000228881836,,5.929999828338622,5.388999938964844,5.250999927520752
667,16 05 53.4077,+10 41 06.027,16059+1041,BD+11 2910 ,144515, 78864,2007.3304,199.0,0.449, 1.05,698,39, ,HIP  78864,241.47252999999998,10.68501,,,,,,,
669,16 08 39.3893,+22 12 13.774,16087+2212,BD+22 2928 ,145146, 79091,2007.4232,81.7,1.242,     ,754,44, ,HIP  79091,242.16412000000003,22.20383,7.7896,7.789612996870557,6.9099998474121085,,5.046000003814697,4.498000144958496,4.385000228881837
671,16 15 14.9689,+34 42 47.401,16152+3443,BD+35 2798 ,146489, 79651,2008.4663,165.1,0.366, 4.24,754,44, ,HIP  79651,243.81237000000002,34.71317,4.4677,4.467690038203943,7.610000133514403,,5.889999866485597,5.432000160217285,5.326000213623047
672,16 17 45.9654,+31 48 15.784,16178+3148,BD+32 2702 ,146946, 79837,2007.4259,127.7,0.196, 2.96,550,40, ,HIP  79837,244.44152000000003,31.80438,1.0199,1.0198984427365223,7.170000076293945,,6.310999870300293,6.171999931335449,6.11899995803833
673,16 20 34.9796,+45 34 45.076,16206+4535,BD+45 2394 ,147544, 80074,2007.3221,318.2,0.177, 3.16,754,44, ,HIP  80074,245.14575,45.579190000000004,29.4005,29.400533889805605,5.24,,4.256,4.163,4.1419999999999995
676,16 24 48.0710,+44 41 23.795,16248+4441,BD+45 2400 ,148253, 80414,2008.4607,16.9,0.053, 3.02,550,40,a,HIP  80414,246.2003,44.68994,,,,,,,
677,16 25 14.1762,+46 52 06.871,16252+4652,BD+47 2339 ,      , 80441,2007.3221,287.4,0.608, 4.21,754,44, ,HIP  80441,246.30907000000002,46.86858,28.5,27.428225174682716,,7.13,5.0969999999999995,4.904,4.794
678,16 27 12.2463,+18 59 38.930,16272+1900,BD+19 3102 ,148415, 80584,2007.3304,236.0,0.3, 3.25,698,39, ,HIP  80584,246.80102999999997,18.99415,10.555,10.55501358497758,7.3400001525878915,,6.578999996185303,6.426000118255615,6.35699987411499
679,16 30 22.5479,+40 44 11.991,16304+4044,BD+41 2715 ,149025, 80827,2007.3222,275.9,0.5489999999999999, 3.39,754,44, ,HIP  80827,247.59395,40.73666,,,,,,,
681,16 31 28.2275,+72 36 44.411,16315+7237,BD+72 734  ,150010, 80920,2008.4664,174.5,1.0,     ,754,44, ,HIP  80920,247.86761,72.61234,17.0247,17.024718265228714,7.289999961853027,,6.181000232696532,5.870999813079834,5.797999858856201
683,16 38 04.0297,+39 34 37.986,16381+3935,BD+39 3021 ,150255, 81445,2008.4608,324.9,0.575, 3.56,550,40, ,HIP  81445,249.51679,39.577220000000004,15.05,,8.29,,7.103,6.84,6.7410000000000005
685,16 38 19.2269,-22 53 34.449,16383-2254,BD-22 4182 ,149866, 81464,2008.4608,252.6,1.067,     ,550,40, ,HIP  81464,249.58011000000002,-22.8929,25.67,23.891613015659825,7.01800012588501,,5.883999824523926,5.63700008392334,5.559999942779541
686,16 41 21.5058,+30 16 23.273,16414+3016,BD+30 2861 ,150681, 81704,2008.4637,154.3,0.857,     ,698,39, ,HIP  81704,250.33961000000002,30.27313,,,,,,,
687,16 45 46.4670,-00 45 54.500,16458-0046,ADS 10196  ,151168, 82062,2007.3249,8.0,0.198, 0.48,550,40,a,HIP  82062,251.44361,-0.7651399999999999,60.59,,5.16,,4.109,3.695,3.73
690,16 58 25.3140,+13 58 10.690,16584+1358,GJ 3981    ,      ,      ,2008.4664,294.2,0.8220000000000001, 0.48,754,44, ,GJ 3981   ,254.60547000000003,13.96964,2.2919,2.2919390042958137,8.319999694824219,,7.46999979019165,7.320000171661378,7.2810001373291025
691,17 03 25.5127,+09 01 28.422,17034+0902,BD+09 3317 ,154144, 83458,2007.3249,98.3,0.315, 3.06,550,40, ,HIP  83458,255.8563,9.024560000000001,25.18,,5.764999866485597,,5.031000137329102,4.8959999084472665,4.757999897003174
694,17 07 29.9927,+38 10 20.657,17075+3810,BD+38 2885 ,155039, 83791,2007.3222,119.5,0.26, 0.83,754,44, ,HIP  83791,256.87497,38.1724,,,,,,,
696,17 07 40.8530,+07 22 06.700,17077+0722,GJ 1210    ,      ,      ,2008.4664,88.0,0.20600000000000002, 0.97,754,44, ,GJ 1210   ,256.92022000000003,7.368530000000001,,,,,,,
697,17 08 02.0650,+35 56 06.630,17080+3556,ADS 10360  ,155103, 83838,2007.3222,326.4,0.065, 0.11,754,44, ,HIP  83838,257.0086,35.93517,,,,,,,
699,17 12 07.9117,+45 39 57.216,17121+4540,BD+45 2505 ,155876, 84140,2007.4262,263.8,0.976,     ,550,40, ,HIP  84140,258.03297000000003,45.665890000000005,16.52,5.412281190176317,,6.9000000953674325,6.135000228881836,5.888000011444093,5.796999931335449
700,17 15 28.8985,+10 51 36.041,17155+1052,BD+11 3146 ,156146, 84417,2007.4206,239.0,0.13699999999999998, 0.44,550,40,a,HIP  84417,258.87041,10.86001,,,,,,,
702,17 17 34.6878,+10 24 58.912,17176+1025,BD+10 3177 ,156498, 84595,2007.4207,276.6,0.131, 1.26,550,40, ,HIP  84595,259.39453,10.416360000000001,5.79,,6.732,,6.465,6.472,6.439
704,17 17 40.2543,+37 17 29.399,17177+3717,HR 6436    ,156729, 84606,2007.3222,143.2,0.9209999999999999,     ,754,44, ,HIP  84606,259.41773,37.2915,,,,,,,
706,17 21 43.6157,+39 58 28.773,17217+3958,HR 6469    ,157482, 84949,2007.3222,205.4,0.054000000000000006, 0.73,754,44,a,HIP  84949,260.43172999999996,39.97466,22.6355,22.635542164744958,9.039999961853027,,7.9130001068115225,7.607999801635742,7.578999996185303
709,17 21 54.7469,+12 29 59.188,17219+1230,BD+12 3202 ,157296, 84962,2008.4637,84.7,0.38799999999999996, 0.83,698,39, ,HIP  84962,260.47811,12.49977,,,,,,,
710,17 24 57.1697,+43 06 18.025,17250+4306,BD+43 2730 ,158046, 85230,2007.4179,327.5,0.998,     ,698,39, ,HIP  85230,261.23821,43.10501,,,,,,,
715,17 25 26.3051,-08 49 42.652,17254-0850,BD-08 4437 ,157744, 85273,2007.4207,339.8,0.693, 4.55,550,40, ,HIP  85273,261.3596,-8.828510000000001,,,,,,,
716,17 28 35.7894,+51 21 40.537,17286+5122,BD+51 2218 ,158821, 85518,2007.4262,93.3,0.28, 2.18,550,40, ,HIP  85518,262.14912000000004,51.361259999999994,12.5,12.822086513296227,7.26,,6.184,5.9110000000000005,5.858
717,17 34 36.6941,+09 35 12.120,17346+0935,HR 6548    ,159480, 85998,2008.461,287.0,0.361, 4.26,550,40, ,HIP  85998,263.65289,9.5867,9.9842,9.984245890952096,7.800000190734862,,6.877999782562256,6.671000003814697,6.605999946594237
718,17 36 34.0143,+48 27 27.842,17366+4827,BD+48 2541 ,160291, 86173,2007.4179,121.8,0.22899999999999998, 1.73,698,39, ,HIP  86173,264.14173,48.45773,,,,,,,
720,17 37 10.8300,+27 53 45.100,17372+2754,BD+27 2853 ,      , 86221,2007.4234,354.6,0.23800000000000002, 0.55,754,44, ,HIP  86221,264.29512,27.89586,9.7086,9.708636437154917,6.5999999046325675,,6.34499979019165,6.307000160217285,6.2290000915527335
724,17 37 31.0949,+24 18 35.967,17375+2419,HR 6571    ,160181, 86254,2007.4234,63.5,0.096, 1.08,754,44,a,HIP  86254,264.37956,24.30999,,,,,,,
728,17 41 58.6335,+15 57 08.761,17420+1557,ADS 10723  ,160910, 86623,2007.4234,111.2,1.406,     ,754,44, ,HIP  86623,265.49431,15.95243,10.121,10.120995328424831,6.9000000953674325,,5.202000141143799,4.7719998359680185,4.676000118255615
730,17 45 28.4815,+35 53 35.980,17455+3554,BD+35 3062 ,161712, 86908,2007.4262,76.8,0.612, 4.29,550,40, ,HIP  86908,266.36867,35.89333,10.9861,,,9.199999809265137,8.366000175476074,7.948999881744385,7.885000228881836
731,17 48 58.3167,+37 03 42.238,17490+3704,BD+37 2949 ,162338, 87204,2007.3222,326.1,0.13, 0.54,754,44, ,HIP  87204,267.24298999999996,37.06173,,,,,,,
735,17 52 58.6468,-07 55 10.271,17530-0755,ADS 10858  ,162756, 87533,2007.3223,51.4,1.1840000000000002,     ,754,44, ,HIP  87533,268.24436000000003,-7.9195199999999994,71.0957,,,8.399999618530272,6.425000190734862,5.7820000648498535,5.579999923706055
737,17 54 14.1685,+11 07 50.006,17542+1108,HR 6676    ,163151, 87655,2008.461,209.2,0.063, 1.46,550,40,c,HIP  87655,268.55904,11.130560000000001,11.43,,10.0,,8.797,8.485,8.408999999999999
739,18 04 55.4746,+85 28 15.761,18049+8528,BD+85 304  ,      , 88554,2007.418,41.5,0.363, 2.16,698,39, ,HIP  88554,271.23114,85.47104,,,,,,,
741,18 08 16.0465,+29 41 28.163,18083+2941,BD+29 3187 ,166181, 88848,2007.4234,241.9,0.115, 2.70,754,44, ,HIP  88848,272.06686,29.691159999999996,10.97,,9.8100004196167,,8.343000411987305,7.984000205993652,7.916999816894531
743,18 08 21.8139,+44 06 45.291,18084+4407,BD+44 2829 ,166409, 88852,2008.4665,180.1,0.061, 0.18,754,44,a,HIP  88852,272.09089,44.11258,25.23,,3.38,2.78,1.86,1.399,1.274
744,18 09 52.3643,-07 54 49.390,18099-0755,BD-07 4568 ,166185, 88996,2007.3223,19.6,0.82,     ,754,44, ,HIP  88996,272.46817999999996,-7.91372,22.3355,,,7.699999809265138,6.771999835968018,6.381999969482423,6.315000057220459
747,18 11 45.1211,+33 26 49.410,18118+3327,ADS 11149  ,166988, 89156,2007.4262,220.6,0.75, 2.39,550,40, ,HIP  89156,272.938,33.44706,58.4208,,10.58199977874756,9.597999572753906,7.310999870300293,6.7810001373291025,6.486000061035156
749,18 13 18.7880,+09 05 49.305,18133+0906,BD+09 3611 ,167065, 89301,2007.3224,162.5,0.7979999999999999,     ,754,44, ,HIP  89301,273.32828,9.09703,32.28,,10.36,9.845,7.968999999999999,7.374,7.191
751,18 15 21.7505,+57 20 07.734,18154+5720,BD+57 1856 ,168242, 89455,2007.418,276.1,0.285, 0.53,698,39, ,HIP  89455,273.84063,57.335480000000004,9.96,9.559636529433133,8.32,,7.382999999999999,7.185,7.107
753,18 17 24.1604,-09 45 30.876,18174-0946,HR 6843    ,167833, 89623,2008.4637,356.0,0.647, 3.30,698,39, ,HIP  89623,274.35067000000004,-9.75858,62.23,,3.9600000381469727,3.5699999332427983,3.2100000381469727,3.0799999237060547,3.0
754,18 20 22.7497,-10 11 13.626,18204-1011,BD-10 4662 ,      , 89874,2008.4638,16.7,1.033,     ,698,39, ,HIP  89874,275.09479,-10.18712,,,,,,,
755,18 23 47.9781,+53 18 03.024,18238+5318,HR 6911    ,169885, 90146,2007.418,45.7,0.875,     ,698,39, ,HIP  90146,275.94991,53.30084,,,,,,,
756,18 23 51.1894,-19 30 16.616,18238-1930,ADS 11302  ,      , 90153,2008.4638,81.8,1.193,     ,698,39, ,HIP  90153,275.96329,-19.504620000000003,,,,,,,
757,18 24 17.3845,-04 05 17.761,18243-0405,BD-04 4459 ,169310, 90198,2008.4666,3.8,0.29600000000000004, 2.19,754,44, ,HIP  90198,276.07244,-4.08827,5.5217,5.521726893334267,9.90999984741211,,8.821000099182129,8.52400016784668,8.482999801635742
758,18 27 52.7004,+01 23 50.373,18279+0124,BD+01 3680 ,      , 90490,2007.3279,325.1,0.618, 1.21,550,40, ,HIP  90490,276.96958,1.39733,14.9004,14.900410345694473,6.386000156402588,,5.681000232696532,5.5970001220703125,5.539999961853027
761,18 28 06.1658,-26 45 26.073,18281-2645,CD-26 13192,169938, 90510,2007.4235,128.6,0.127, 2.34,754,44, ,HIP  90510,277.02569,-26.757240000000003,,,,,,,
762,18 29 05.0329,-29 54 52.492,18291-2955,CD-29 14992,170123, 90588,2007.4235,27.6,0.7829999999999999, 3.70,754,44, ,HIP  90588,277.27097000000003,-29.914579999999997,,,,,,,
763,18 38 23.7985,-03 11 37.103,18384-0312,ADS 11520  ,172088, 91394,2008.4666,18.1,0.102, 0.00,754,44, ,HIP  91394,279.59916,-3.1936400000000003,,,,,,,
764,18 45 28.3642,+05 30 00.444,18455+0530,ADS 11640  ,173495, 92027,2008.4611,314.3,0.168, 1.53,550,40, ,HIP  92027,281.36818,5.50012,9.1,,3.5499999523162837,,3.4489998817443848,3.561000108718872,3.378000020980835
765,18 46 22.2363,+75 26 02.268,18464+7526,BD+75 682  ,175286, 92112,2007.3279,295.1,0.365, 3.89,550,40, ,HIP  92112,281.59265,75.43396,,,,,,,
770,18 48 01.4840,-10 08 46.707,18480-1009,BD-10 4804 ,173872, 92250,2007.3306,54.4,0.593, 2.81,698,39, ,HIP  92250,282.00618,-10.14631,,,,,,,
771,18 49 01.0215,+34 32 29.424,18490+3432,BD+34 3326 ,174433, 92325,2008.4639,270.7,0.102, 2.83,698,39, ,HIP  92325,282.25426,34.541509999999995,,,,,,,
772,18 52 27.4382,+26 32 05.748,18525+2632,BD+26 3379 ,175036, 92631,2007.4208,72.1,0.958, 4.51,550,40, ,HIP  92631,283.11433,26.53493,48.94,,,9.5,7.035,6.417000000000001,6.261
773,18 57 07.5435,+34 51 19.892,18571+3451,BD+34 3368 ,176087, 93037,2007.3224,198.0,0.469, 2.15,754,44, ,HIP  93037,284.28143,34.85553,,,,,,,
775,19 02 36.7303,-29 52 48.228,19026-2953,ADS 11950  ,176687, 93506,2007.4236,234.6,0.299, 0.35,754,44,b,HIP  93506,285.65304,-29.880059999999997,,,,,,,
776,19 02 39.4112,+43 07 02.940,19027+4307,BD+42 3233 ,177412, 93511,2007.3224,117.8,0.111, 1.04,754,44, ,HIP  93511,285.66421,43.11748,,,,,,,
778,19 06 58.6029,+11 04 16.417,19070+1104,HR 7248    ,178125, 93867,2007.3279,274.4,0.314, 1.06,550,40, ,HIP  93867,286.74418,11.07123,,,,,,,
784,19 08 53.9367,+34 03 44.113,19089+3404,BD+33 3339 ,      , 94056,2008.464,16.3,0.14300000000000002, 0.26,698,39,c,HIP  94056,287.22474,34.06225,44.3975,,,8.5,6.9099998474121085,6.3460001945495605,6.193999767303468
785,19 09 04.3871,+34 36 01.630,19091+3436,ADS 12101  ,178911, 94076,2007.3224,140.1,0.07, 1.86,754,44, ,HIP  94076,287.26828,34.60045,,,,,,,
788,19 15 18.8424,+24 53 49.453,19153+2454,BD+24 3692 ,338030, 94622,2007.4236,295.8,0.16, 0.34,754,44,a,HIP  94622,288.82851,24.897070000000003,,,,,,,
789,19 20 19.5439,+69 54 59.188,19203+6955,BD+69 1043 ,182712, 95044,2007.4181,239.2,0.727, 3.39,698,39, ,HIP  95044,290.08142999999995,69.91644000000001,,,,,,,
791,19 21 45.0549,+77 07 41.563,19218+7708,BD+76 735  ,183678, 95178,2007.4181,7.6,0.26, 2.87,698,39, ,HIP  95178,290.43773,77.12821,13.0859,13.085903903819856,8.689999580383299,,7.300000190734862,6.931000232696532,6.841000080108643
793,19 24 36.2678,+05 23 58.675,19246+0524,BD+05 4135 ,182474, 95421,2008.4611,172.1,0.7090000000000001,     ,550,40, ,HIP  95421,291.15112,5.39963,,,,,,,
794,19 41 57.6163,+40 15 14.926,19420+4015,HR 7499    ,186307, 96907,2007.3224,163.7,0.41200000000000003, 1.39,754,44, ,HIP  96907,295.49007,40.25415,5.781000000000001,5.781006086883759,8.640000343322754,,7.642000198364258,7.389999866485597,7.3520002365112305
798,19 46 19.2101,+54 38 18.401,19463+5438,BD+54 2222 ,187253, 97286,2007.4236,354.0,0.168, 3.30,754,44, ,HIP  97286,296.58004,54.63844,7.3568,7.356840239722887,6.369999885559082,,6.2150001525878915,6.2750000953674325,6.214000225067139
799,19 48 58.6598,+19 08 31.352,19490+1909,ADS 12973  ,187362, 97496,2007.4209,183.7,0.159, 0.27,550,40, ,HIP  97496,297.24442,19.142039999999998,20.95,,,9.8,8.336,7.779,7.646
801,19 51 17.7322,+09 37 47.586,19513+0938,BD+09 4288 ,187753, 97697,2007.421,95.4,0.34700000000000003, 3.17,550,40, ,HIP  97697,297.82388,9.62988,7.5686,7.568642805892228,6.0900001525878915,,5.4780001640319815,5.382999897003174,5.306000232696533
802,19 51 19.3795,+47 22 38.049,19513+4723,HR 7577    ,188074, 97700,2007.3224,170.1,0.16899999999999998, 0.00,754,44, ,HIP  97700,297.83075,47.37724,11.81,,6.445000171661378,,5.9000000953674325,5.7940001487731925,5.734000205993652
803,19 51 24.8001,+40 44 07.316,19514+4044,BD+40 3908 ,226195, 97706,2007.3279,27.9,0.099, 0.00,550,40,a,HIP  97706,297.85332999999997,40.73537,17.16,,8.890000343322754,,7.441999912261963,7.045000076293945,6.953999996185303
804,19 53 06.3857,-14 36 11.532,19531-1436,HR 7571    ,187949, 97849,2007.3306,212.4,0.21, 2.23,698,39,a,HIP  97849,298.27661,-14.6032,,,,,,,
805,19 55 19.5002,-06 44 05.222,19553-0644,ADS 13104  ,188405, 98038,2007.3306,101.7,0.555, 1.34,698,39, ,HIP  98038,298.83125,-6.734780000000001,,,,,,,
807,19 55 37.7862,+52 26 20.212,19556+5226,ADS 13148  ,189037, 98055,2007.3224,55.5,0.113, 0.46,754,44,a,HIP  98055,298.90744,52.43895,13.2413,,,8.699999809265138,7.681000232696532,7.257999897003174,7.162000179290772
809,19 57 13.3187,+35 01 53.054,19572+3502,BD+34 3806 ,189148, 98193,2007.3279,90.0,0.193, 4.12,550,40, ,HIP  98193,299.30548999999996,35.0314,8.09,,8.85,,7.856,7.691,7.607
810,19 58 37.9817,+30 59 01.194,19586+3059,HR 7640    ,189395, 98325,2007.3224,8.0,0.18899999999999997, 3.03,754,44, ,HIP  98325,299.65826,30.983659999999997,,,,,,,
811,19 59 47.3402,-09 57 29.717,19598-0957,BDS 9774   ,189340, 98416,2007.3306,347.2,0.076, 1.24,698,39,a,HIP  98416,299.94725,-9.95825,,7.398036981034679,,,,,
813,20 07 45.2305,+13 25 12.564,20078+1325,BD+12 4231 ,356668, 99151,2007.8196,215.6,0.736, 2.69,550,40, ,HIP  99151,301.93846,13.420160000000001,,,,,,,
814,20 10 25.4590,-19 23 00.455,20104-1923,BD-19 5731 ,191434, 99391,2007.8223,36.3,0.203, 2.67,698,39, ,HIP  99391,302.60607999999996,-19.38346,10.0315,10.03152161840148,7.610000133514403,,6.732999801635742,6.5440001487731925,6.498000144958496
815,20 13 39.8825,+27 32 06.671,20137+2732,BD+27 3653 ,192405, 99677,2007.3224,160.0,0.1, 1.25,754,44,c,HIP  99677,303.41618,27.535190000000004,,,,,,,
817,20 17 26.8038,-15 49 39.926,20174-1550,BD-16 5550 ,192823,100014,2007.8223,66.8,0.747,     ,698,39, ,HIP 100014,304.36168,-15.827760000000001,,,,,,,
818,20 20 39.2745,+16 00 55.845,20207+1601,BD+15 4138 ,193622,100309,2007.8196,159.0,0.48700000000000004, 3.82,550,40, ,HIP 100309,305.16364,16.01551,16.33,,6.230000019073486,,5.372000217437744,5.250999927520752,5.13100004196167
819,20 23 50.1051,+41 46 29.730,20238+4146,BD+41 3728 ,229230,100583,2007.4182,279.8,0.978,     ,698,39, ,HIP 100583,305.95877,41.77492,10.2873,10.287305780505283,7.170000076293945,,6.333000183105469,6.168000221252441,6.0900001525878915
823,20 24 46.6883,-19 42 36.002,20248-1943,BD-20 5925 ,194169,100685,2007.8223,91.7,0.345, 0.96,698,39, ,HIP 100685,306.19453,-19.71,,,,,,,
824,20 26 00.9448,+35 48 40.396,20260+3549,BD+35 4113 ,194738,100777,2007.8197,140.6,0.672, 3.38,550,40, ,HIP 100777,306.50394,35.81122,,,,,,,
825,20 31 01.9881,+59 52 33.503,20310+5953,BD+59 2251 ,195891,101218,2007.8251,2.6,0.446, 3.26,550,40, ,HIP 101218,307.75827999999996,59.875969999999995,,,,,,,
826,20 31 07.7683,+33 32 34.459,20311+3333,BD+33 3930 ,      ,101227,2007.8197,269.9,0.149, 0.63,550,40,c,HIP 101227,307.78237,33.54291,15.48,,6.427000045776367,,5.4710001945495605,5.314000129699707,5.230000019073486
827,20 35 26.2294,+11 21 25.665,20354+1121,BD+10 4330 ,196201,101597,2007.3225,250.0,0.565, 2.77,754,44, ,HIP 101597,308.85929,11.35713,,,,,,,
831,20 37 32.9413,+14 35 42.320,20375+1436,ADS 14073  ,196524,101769,2007.3225,7.9,0.513, 0.93,754,44, ,HIP 101769,309.38726,14.595089999999999,,,,,,,
833,20 39 38.2872,+15 54 43.464,20396+1555,ADS 14121  ,196867,101958,2008.4612,215.2,0.221, 2.44,550,40, ,HIP 101958,309.90952999999996,15.912070000000002,,,,,,,
834,20 40 35.3102,+15 38 35.681,20406+1539,BD+15 4227 ,197039,102029,2007.421,105.9,0.231, 0.83,550,40, ,HIP 102029,310.14713,15.643239999999999,,,,,,,
837,20 45 28.0618,+05 52 52.381,20455+0553,BD+05 4600 ,197737,102439,2007.8251,297.6,1.015,     ,550,40, ,HIP 102439,311.36692,5.88122,,,,,,,
838,20 46 09.6916,-21 44 44.765,20462-2145,BD-22 5522 ,197711,102486,2007.8224,116.1,0.627,     ,698,39, ,HIP 102486,311.54037999999997,-21.74577,,,,,,,
839,20 46 10.2490,+15 20 23.155,20462+1520,BD+14 4413 ,197896,      ,2007.421,240.2,0.898, 3.06,550,40, ,HD  197896,311.5427,15.339770000000001,,,,,,,
841,20 52 57.3458,+42 58 26.927,20530+4258,BD+42 3895 ,      ,103067,2007.4264,112.7,0.125, 1.22,550,40, ,HIP 103067,313.23894,42.97415,,,,,,,
843,20 53 41.3522,+59 18 27.461,20537+5918,ADS 14412  ,199306,103130,2007.4264,68.7,0.171, 0.43,550,40, ,HIP 103130,313.4223,59.30763,12.6754,12.675393428494575,7.239999771118164,,6.4060001373291025,6.249000072479247,6.192999839782715
845,20 58 13.4525,+35 10 29.652,20582+3510,BD+34 4217 ,      ,103505,2007.8197,310.4,1.148,     ,550,40, ,HIP 103505,314.55605,35.1749,,,,,,,
847,21 01 26.1261,+40 37 04.617,21014+4037,BD+40 4389 ,200325,103749,2007.8197,145.0,0.141, 3.31,550,40, ,HIP 103749,315.35886,40.61795,33.8804,,10.79800033569336,10.331000328063963,8.046999931335451,7.438000202178955,7.230000019073486
850,21 01 38.7453,+47 30 06.948,21016+4730,BD+46 3145 ,200406,103767,2007.4264,232.9,1.857,     ,550,40, ,HIP 103767,315.41143999999997,47.50193,,,,,,,
852,21 03 43.4672,+46 51 47.335,21037+4652,BD+46 3159 ,200753,103949,2007.4264,182.6,0.122, 0.27,550,40,a,HIP 103949,315.93111,46.86315,4.76,,10.11,,8.606,8.231,8.157
857,21 04 24.3013,-19 51 17.971,21044-1951,HR 8060    ,200499,104019,2007.8251,356.9,0.271, 2.27,550,40, ,HIP 104019,316.10126,-19.85499,13.2592,13.259179189158633,6.579999923706055,,5.627999782562256,5.400000095367432,5.324999809265137
858,21 05 07.9487,+07 56 43.565,21051+0757,BD+07 4621 ,200746,104075,2007.4183,19.7,0.22899999999999998, 3.65,698,39, ,HIP 104075,316.28312,7.94543,,,,,,,
862,21 08 45.4690,-04 25 36.934,21088-0426,BD-05 5480 ,      ,104383,2007.817,224.3,0.348, 1.77,754,44, ,HIP 104383,317.18945,-4.4269300000000005,,,,,,,
864,21 11 05.2745,+17 03 40.742,21111+1704,BD+16 4472 ,      ,104581,2007.4265,256.0,1.143,     ,550,40, ,HIP 104581,317.77198,17.061320000000002,7.3396,7.339563286876499,9.06999969482422,,7.927999973297119,7.632999897003174,7.546000003814697
867,21 13 28.7860,+15 58 56.621,21135+1559,ADS 14761  ,202128,104771,2007.4265,165.3,0.18, 0.17,550,40,a,HIP 104771,318.36994,15.982389999999999,25.2404,,7.130000114440918,,5.921999931335449,5.60099983215332,5.552000045776367
871,21 14 28.8153,+10 00 25.126,21145+1000,ADS 14773  ,202275,104858,2007.817,19.3,0.285, 0.00,754,44, ,HIP 104858,318.62006,10.00698,18.66,17.989476612494446,8.76,7.99,6.206,5.943,5.882000000000001
875,21 16 40.0531,+07 30 52.860,21167+0731,BD+06 4786 ,202586,105049,2007.4265,288.5,0.13699999999999998, 1.18,550,40, ,HIP 105049,319.16688999999997,7.51468,,,,,,,
879,21 18 34.8752,+11 34 07.768,21186+1134,ADS 14839  ,202908,105200,2007.4183,259.4,0.758,     ,698,39, ,HIP 105200,319.64531,11.56882,,,,,,,
884,21 19 35.9361,+49 13 15.641,21196+4913,BD+48 3346 ,203284,105290,2007.8224,135.7,0.261, 2.99,698,39, ,HIP 105290,319.89973,49.22101,,,,,,,
886,21 20 33.5488,+13 10 00.995,21206+1310,BD+12 4602 ,203220,105371,2007.8224,303.9,0.10300000000000001, 2.24,698,39,a,HIP 105371,320.13979,13.166939999999999,14.4114,14.411437185341716,7.449999809265138,,6.5809998512268075,6.4000000953674325,6.352000236511231
888,21 23 08.2986,+48 31 08.118,21231+4831,BD+47 3386 ,203839,105584,2007.8224,61.0,0.292, 2.18,698,39, ,HIP 105584,320.78458,48.51892,,,,,,,
890,21 27 23.2541,-07 00 56.947,21274-0701,BD-07 5565 ,204236,105947,2008.4613,151.5,0.214, 1.56,550,40, ,HIP 105947,321.84689,-7.01582,10.5833,10.583336858334668,7.3499999046325675,,6.5879998207092285,6.456999778747559,6.4130001068115225
891,21 32 57.4609,+24 07 38.622,21330+2408,BD+23 4334 ,205142,106394,2007.4237,236.9,0.33899999999999997, 2.00,754,44, ,HIP 106394,323.23942,24.12739,15.4345,15.434489066795194,7.71999979019165,,6.5320000648498535,6.291999816894531,6.160999774932861
894,21 33 54.1400,+48 33 19.220,21339+4833,BD+47 3472 ,      ,      ,2007.8224,214.2,0.263, 0.95,698,39, ,** YR 3   ,323.47558,48.55534,21.0903,,,9.199999809265137,7.889999866485597,7.386000156402588,7.241000175476074
896,21 34 21.0724,-07 44 45.873,21344-0745,BD-08 5680 ,      ,106510,2008.4613,148.7,0.196, 1.60,550,40, ,HIP 106510,323.5878,-7.74608,,,,,,,
897,21 37 56.0657,+21 02 29.025,21379+2102,BD+20 4977 ,205897,106804,2007.4237,355.5,0.11, 0.45,754,44,a,HIP 106804,324.48361,21.0414,4.36,4.442060087444983,8.68,,7.47,7.207000000000001,7.142
900,21 44 08.5779,+28 44 33.473,21441+2845,ADS 15270  ,206826,107310,2007.8252,313.0,1.808,     ,550,40, ,HIP 107310,326.03574,28.74263,14.4646,14.464590928518579,9.05,8.79,7.026,6.742000000000001,6.655
901,21 42 22.9589,+41 04 37.274,21424+4105,HR 8300    ,206644,107162,2007.8224,67.1,0.139, 0.24,698,39, ,HIP 107162,325.59566,41.077020000000005,,,,,,,
903,21 44 38.7352,+25 38 42.136,21446+2539,ADS 15281  ,206901,107354,2007.8252,138.0,0.175, 0.28,550,40, ,HIP 107354,326.1614,25.645039999999998,,,,,,,
904,21 50 08.6999,+17 17 09.059,21501+1717,HR 8344    ,207652,107788,2008.4642,22.3,0.235, 1.11,698,39, ,HIP 107788,327.53625,17.28585,,,,,,,
905,21 59 15.3600,+46 05 30.832,21593+4606,BD+45 3750 ,      ,108536,2007.8225,352.6,0.217, 0.46,698,39,c,HIP 108536,329.814,46.0919,,,,,,,
906,22 02 55.0448,+15 46 56.857,22029+1547,BD+15 4549 ,209421,108842,2007.8198,193.6,0.073, 0.45,550,40, ,HIP 108842,330.72935,15.78246,,,,,,,
910,22 08 18.7772,+24 09 24.392,22083+2409,BD+23 4472 ,210211,109281,2007.8171,189.3,0.052000000000000005, 0.70,754,44,a,HIP 109281,332.07824,24.156779999999998,8.1173,8.117251298906604,9.079999923706056,,8.104999542236326,7.822999954223633,7.752999782562256
914,22 12 13.3812,+08 27 38.213,22122+0828,BD+07 4818 ,210718,109608,2007.8199,303.3,0.23800000000000002, 0.50,550,40, ,HIP 109608,333.05575,8.46061,,,,,,,
916,22 12 25.7561,-14 11 38.244,22124-1412,HR 8462    ,210705,109624,2007.8171,268.6,0.41, 2.76,754,44, ,HIP 109624,333.10732,-14.19396,,,,,,,
918,22 12 33.1048,-18 01 37.777,22126-1802,BD-18 6084 ,210707,109634,2007.8226,197.3,0.22, 1.27,698,39, ,HIP 109634,333.13794,-18.027160000000002,13.7891,13.789097888412433,8.779999732971191,,7.364999771118164,7.006999969482423,6.88100004196167
919,22 13 00.5209,-13 01 41.922,22130-1302,BD-13 6130 ,210776,109672,2007.8171,295.5,0.838, 3.22,754,44, ,HIP 109672,333.25217000000004,-13.028310000000001,,,,,,,
920,22 16 06.5643,-07 05 26.619,22161-0705,BD-07 5737 ,211276,109951,2007.8171,103.7,0.38299999999999995, 1.44,754,44, ,HIP 109951,334.02735,-7.090730000000001,,,,,,,
922,22 16 17.9955,+73 36 16.582,22163+7336,BD+72 1025 ,211771,109962,2007.8253,226.3,0.193, 1.04,550,40, ,HIP 109962,334.07498,73.60461,,,,,,,
923,22 21 43.3465,-17 09 40.936,22217-1710,BD-17 6500 ,      ,110401,2007.8226,180.3,0.664,     ,698,39, ,HIP 110401,335.43061,-17.16137,,,,,,,
924,22 22 47.2841,-29 37 10.146,22228-2937,CD-30 19122,212146,110483,2007.8227,155.4,0.10300000000000001, 1.88,698,39, ,HIP 110483,335.69702,-29.61948,,,,,,,
925,22 25 31.2059,-15 35 55.761,22255-1536,BD-16 6081 ,212560,110689,2007.8172,169.0,0.152, 2.51,754,44, ,HIP 110689,336.38002,-15.598820000000002,12.7803,12.780317429653039,8.630000114440918,,7.573999881744385,7.315999984741211,7.217999935150146
926,22 30 09.3213,-29 24 24.812,22302-2924,CD-30 19181,213185,111076,2007.8227,193.6,0.7020000000000001,     ,698,39, ,HIP 111076,337.53884,-29.40689,,,,,,,
927,22 32 30.6167,+59 01 37.721,22325+5902,BD+58 2450 ,213758,111266,2007.8253,92.4,0.33799999999999997, 2.10,550,40, ,HIP 111266,338.12757,59.02714,,,,,,,
928,22 33 22.5895,+38 07 36.240,22334+3808,BD+37 4611 ,213786,111335,2007.8225,140.2,0.594, 4.15,698,39, ,HIP 111335,338.34412000000003,38.12673,,,,,,,
929,22 35 47.2733,+19 42 59.737,22358+1943,BD+18 5009 ,214113,111535,2007.8254,28.1,0.685, 3.48,550,40, ,HIP 111535,338.94697,19.71659,,,,,,,
930,22 37 19.1470,+69 12 31.070,22373+6913,BD+68 1319 ,214606,111670,2007.8253,357.9,0.551, 2.61,550,40, ,HIP 111670,339.32977999999997,69.20863,9.72,8.544899152525193,6.55,,6.154,6.024,5.987
931,22 37 29.9021,+39 22 51.623,22375+3923,BD+38 4818 ,      ,111685,2007.8225,156.0,0.145, 1.89,698,39, ,HIP 111685,339.37459,39.381009999999996,,,,,,,
932,22 38 47.4715,+44 18 50.032,22388+4419,ADS 16138  ,214608,111805,2007.8225,156.2,0.215, 0.51,698,39, ,HIP 111805,339.6978,44.3139,,,,,,,
933,22 40 52.6817,+14 32 56.976,22409+1433,ADS 16173  ,214850,111974,2007.8254,82.6,0.32799999999999996, 0.91,550,40, ,HIP 111974,340.21951,14.54916,,,,,,,
934,22 44 54.0015,-06 54 11.744,22449-0654,BD-07 5847 ,215389,112308,2007.8254,142.7,0.18899999999999997, 0.69,550,40,c,HIP 112308,341.22501,-6.90326,,,,,,,
936,22 48 53.8453,-20 29 01.819,22489-2029,BD-21 6307 ,      ,112650,2007.8227,215.3,0.287, 1.45,698,39, ,HIP 112650,342.22436,-20.48384,,,,,,,
937,22 49 17.3033,+15 16 32.143,22493+1517,BD+14 4876 ,216027,112695,2007.8254,183.6,0.063, 2.54,550,40, ,HIP 112695,342.3221,15.2756,7.4510000000000005,7.451019989867501,8.159999847412111,,6.507999897003174,6.059999942779541,5.96999979019165
938,22 53 25.1367,-09 05 34.039,22534-0906,BD-09 6077 ,216493,113026,2007.8254,35.5,1.5930000000000002,     ,550,40, ,HIP 113026,343.35474,-9.092789999999999,14.4123,14.412259768188775,6.739999771118164,,5.750999927520753,5.502999782562256,5.47599983215332
939,22 53 28.7035,-11 36 59.453,22535-1137,HR 8704    ,216494,113031,2007.8172,307.9,0.057999999999999996, 0.37,754,44, ,HIP 113031,343.3696,-11.61651,9.45,,8.189999580383299,,7.09499979019165,6.810999870300293,6.738999843597412
941,22 53 43.8439,+25 58 00.205,22537+2558,BD+25 4836 ,      ,113055,2007.8254,315.7,0.21100000000000002, 0.55,550,40, ,HIP 113055,343.43268,25.966720000000002,9.04,9.670405762344934,9.53,,8.075,7.729,7.657
942,22 54 56.9429,-19 18 43.143,22549-1919,BD-20 6504 ,216663,113163,2007.82,174.8,0.287, 2.99,550,40, ,HIP 113163,343.73726,-19.31198,,,,,,,
943,22 59 49.4538,-02 26 23.314,22598-0226,BD-03 5545 ,217286,113547,2007.8254,229.2,0.711, 3.08,550,40, ,HIP 113547,344.95606000000004,-2.43981,,,,,,,
944,23 03 07.0781,+04 56 25.148,23031+0456,BD+04 4952 ,217801,113832,2007.8227,252.8,0.6970000000000001, 2.42,698,39, ,HIP 113832,345.77949,4.94032,,,,,,,
945,23 03 21.3849,+58 33 49.886,23034+5834,BD+57 2676 ,217944,113852,2007.8253,134.4,0.423, 3.52,550,40, ,HIP 113852,345.8391,58.56386,12.6916,12.691598536095395,8.270000457763674,,7.2849998474121085,7.074999809265138,7.008999824523926
946,23 05 09.7869,-07 41 37.685,23052-0742,ADS 16497  ,218060,113996,2007.8255,20.1,0.171, 0.13,550,40, ,HIP 113996,346.29078,-7.6938,7.9,,7.1040000915527335,,6.171000003814697,5.97599983215332,5.914000034332275
948,23 09 31.4574,+08 40 37.764,23095+0841,ADS 16550  ,218634,114347,2007.82,330.1,0.157, 2.99,550,40, ,HIP 114347,347.38107,8.67716,,,,,,,
949,23 10 39.5589,+09 46 45.163,23107+0947,BD+08 5011 ,218793,114444,2007.82,330.4,0.34299999999999997, 1.85,550,40, ,HIP 114444,347.66483,9.77921,,,,,,,
951,23 12 06.6169,+26 55 45.805,23121+2656,BD+26 4581 ,      ,114543,2007.82,171.3,1.319,     ,550,40, ,HIP 114543,348.02757,26.92939,,,,,,,
953,23 20 52.9339,+16 42 38.563,23209+1643,BD+15 4809 ,220077,115279,2007.82,153.0,0.166, 0.96,550,40, ,HIP 115279,350.22056000000003,16.71071,8.32,,6.829999923706055,,6.2129998207092285,6.126999855041504,6.072999954223633
954,23 26 40.3575,+45 20 17.305,23266+4520,BD+44 4419 ,220821,115715,2007.8172,210.3,0.43200000000000005, 2.79,754,44, ,HIP 115715,351.66816,45.33814,,,,,,,
956,23 26 43.3545,+41 02 45.234,23267+4103,BD+40 5078 ,220834,115723,2007.8172,359.1,0.898,     ,754,44, ,HIP 115723,351.68064,41.0459,,,,,,,
958,23 27 04.1460,+13 06 38.845,23271+1307,BD+12 4986 ,220848,115751,2007.8227,240.6,0.42, 2.88,698,39, ,HIP 115751,351.76727,13.11079,,,,,,,
959,23 30 57.8983,+07 43 42.764,23310+0744,BD+06 5166 ,221295,116058,2007.8228,170.5,0.507, 3.05,698,39, ,HIP 116058,352.74124,7.72855,14.3527,,,8.5,7.494999885559082,7.119999885559082,7.058000087738037
960,23 33 24.0610,+42 50 47.853,23334+4251,BD+42 4700 ,221613,116259,2007.8172,328.9,0.19, 1.83,754,44, ,HIP 116259,353.35025,42.84663,,,,,,,
963,23 33 46.5147,-05 07 57.072,23338-0508,BD-05 6012 ,221630,116294,2007.8228,76.5,0.71, 1.85,698,39, ,HIP 116294,353.44381,-5.1325199999999995,,,,,,,
964,23 35 00.2761,+01 36 19.441,23350+0136,BD+00 5017 ,      ,116384,2007.8228,344.8,0.804,     ,698,39, ,HIP 116384,353.75115,1.6054,7.0511,7.0510889113111865,7.559999942779541,,6.815999984741211,6.668000221252441,6.609000205993652
966,23 37 27.3558,+49 21 50.599,23375+4922,BD+48 4109 ,222104,116578,2007.8254,20.5,0.344, 0.52,550,40, ,HIP 116578,354.36397999999997,49.364059999999995,12.6921,12.692058412038385,3.900000095367432,3.8199999332427983,3.7799999713897705,3.759999990463257,3.759999990463257
967,23 44 16.6147,+36 20 20.167,23443+3620,BD+35 5086 ,222858,117094,2007.8172,250.6,0.619, 2.80,754,44, ,HIP 117094,356.06923,36.33894,,,,,,,
969,23 44 31.2303,+08 30 14.550,23445+0830,BD+07 5081 ,222876,117110,2007.8228,40.0,0.629, 2.86,698,39, ,HIP 117110,356.13013,8.50404,,,,,,,
970,23 51 10.6779,+44 32 51.724,23512+4433,BD+43 4560 ,223627,117615,2007.8254,100.2,0.907,     ,550,40, ,HIP 117615,357.79449,44.5477,,,,,,,
973,23 57 40.5816,+42 08 32.246,23577+4209,BD+41 4906 ,224416,      ,2007.8201,239.5,0.157, 2.26,550,40, ,HD 224416 ,359.41909,42.14229,8.6368,8.636848356922387,8.050000190734862,,7.151999950408936,7.002999782562256,6.958000183105469
